﻿stimulus,label,is_match,thisN,thisTrialN,thisRepN,key_resp.keys,key_resp.rt,key_resp.duration,stimulus_2,label_2,is_match_2,key_resp_6.keys,key_resp_6.rt,key_resp_6.duration,trials.thisRepN,trials.thisTrialN,trials.thisN,trials.thisIndex,trials_2.thisRepN,trials_2.thisTrialN,trials_2.thisN,trials_2.thisIndex,thisRow.t,notes,Intruduction.started,text_3.started,key_resp_2.started,Intruduction.stopped,key_resp_2.keys,key_resp_2.rt,key_resp_2.duration,self_other_instructions.started,text_4.started,key_resp_3.started,self_other_instructions.stopped,key_resp_3.keys,key_resp_3.rt,key_resp_3.duration,self_other_info.started,square_image.started,triangle_image.started,self_label.started,other_label.started,key_resp_4.started,text_5.started,self_other_info.stopped,key_resp_4.keys,key_resp_4.rt,key_resp_4.duration,self_other_starting_2.started,text_6.started,key_resp_5.started,self_other_starting_2.stopped,key_resp_5.keys,key_resp_5.rt,key_resp_5.duration,trial.started,fixation.started,text.started,key_resp.started,image.started,fixation.stopped,image.stopped,text.stopped,trial.stopped,trials.key_resp.keys,trials.key_resp.rt,trials.key_resp.duration,feedback.started,text_2.started,feedback.stopped,key_resp.stopped,text_2.stopped,break_3.started,break_3.stopped,self_other_instructions_2.started,text_10.started,key_resp_7.started,self_other_instructions_2.stopped,key_resp_7.keys,key_resp_7.rt,key_resp_7.duration,self_other_intro_2.started,square_image_2.started,triangle_image_2.started,Disgusting_self_lable.started,Desirable_self_lable.started,key_resp_8.started,text_11.started,self_other_intro_2.stopped,key_resp_8.keys,key_resp_8.rt,key_resp_8.duration,self_other_starting_3.started,text_12.started,key_resp_9.started,self_other_starting_3.stopped,key_resp_9.keys,key_resp_9.rt,key_resp_9.duration,trial_2.started,fixation_2.started,text_8.started,key_resp_6.started,image_2.started,fixation_2.stopped,image_2.stopped,text_8.stopped,trial_2.stopped,trials_2.key_resp_6.keys,trials_2.key_resp_6.rt,trials_2.key_resp_6.duration,feedback_2.started,text_9.started,feedback_2.stopped,key_resp_6.stopped,text_9.stopped,participant,session,date,expName,psychopyVersion,frameRate,expStart,
,,,,,,,,,,,,,,,,,,,,,,,,,0.032561165004153736,0.05575278300966602,0.05575278300966602,3.5230455640121363,space,3.4419181080011185,None,,,,,,,,,,,,,,,,,,,,,,,,,,,,,,,,,,,,,,,,,,,,,,,,,,,,,,,,,,,,,,,,,,,,,,,,,,,,,,,,,,,,,,,317989,001,2024-11-16_17h38.46.805,untitled,2024.2.3,None,2024-11-16 17h38.57.009447 +0530,
,,,,,,,,,,,,,,,,,,,,,,,,,,,,,,,,3.5231144210119965,3.5505644450022373,3.5505644450022373,11.921756498006289,space,8.362511908999295,None,,,,,,,,,,,,,,,,,,,,,,,,,,,,,,,,,,,,,,,,,,,,,,,,,,,,,,,,,,,,,,,,,,,,,,,,,,,,,,,,317989,001,2024-11-16_17h38.46.805,untitled,2024.2.3,None,2024-11-16 17h38.57.009447 +0530,
,,,,,,,,,,,,,,,,,,,,,,,,,,,,,,,,,,,,,,,11.92182202701224,11.951103684012196,11.951103684012196,11.951103684012196,11.951103684012196,11.951103684012196,11.951103684012196,13.08427005300473,space,1.1158654600003501,None,,,,,,,,,,,,,,,,,,,,,,,,,,,,,,,,,,,,,,,,,,,,,,,,,,,,,,,,,,,,,,,,,,,,,317989,001,2024-11-16_17h38.46.805,untitled,2024.2.3,None,2024-11-16 17h38.57.009447 +0530,
,,,,,,,,,,,,,,,,,,,,,,,,,,,,,,,,,,,,,,,,,,,,,,,,,,13.084327561009559,13.097758979012724,13.097758979012724,13.905403198004933,space,0.798915039995336,None,,,,,,,,,,,,,,,,,,,,,,,,,,,,,,,,,,,,,,,,,,,,,,,,,,,,,,,,,,,,,,317989,001,2024-11-16_17h38.46.805,untitled,2024.2.3,None,2024-11-16 17h38.57.009447 +0530,
triangle.png,other,1,0,0,0,m,0.525169888001983,0.18094754600315355,,,,,,,0,0,0,1,,,,,13.934595606013318,,,,,,,,,,,,,,,,,,,,,,,,,,,,,,,,,,13.926118499002769,13.934595606013318,14.914547439009766,14.914547439009766,14.914547439009766,14.942280080009368,15.01264505200379,15.914529284011223,16.91450852600974,m,0.525169888001983,0.18094754600315355,16.91997381200781,16.926311946008354,17.907307187007973,,,,,,,,,,,,,,,,,,,,,,,,,,,,,,,,,,,,,,,,,,,,,,,317989,001,2024-11-16_17h38.46.805,untitled,2024.2.3,None,2024-11-16 17h38.57.009447 +0530,
triangle.png,self,0,1,1,0,m,1.178128978004679,0.14218204299686477,,,,,,,0,1,1,3,,,,,17.920136420012568,,,,,,,,,,,,,,,,,,,,,,,,,,,,,,,,,,17.91474930800905,17.920136420012568,18.903557191006257,18.903557191006257,18.903557191006257,18.918174524005735,19.00176210900827,19.906363037007395,20.89504151001165,m,1.178128978004679,0.14218204299686477,20.898599853011547,20.904150758011383,21.896822054011864,20.904150758011383,21.90911259900895,,,,,,,,,,,,,,,,,,,,,,,,,,,,,,,,,,,,,,,,,,,,,317989,001,2024-11-16_17h38.46.805,untitled,2024.2.3,None,2024-11-16 17h38.57.009447 +0530,
square.png,self,1,2,2,0,None,,,,,,,,,0,2,2,0,,,,,21.90911259900895,,,,,,,,,,,,,,,,,,,,,,,,,,,,,,,,,,21.899808304006,21.90911259900895,22.906184369014227,22.906184369014227,22.906184369014227,22.906184369014227,23.004151499000727,23.91498533000413,24.90082201900077,None,,,24.905830544012133,24.911016227008076,25.901833522002562,24.911016227008076,25.915727724001044,,,,,,,,,,,,,,,,,,,,,,,,,,,,,,,,,,,,,,,,,,,,,317989,001,2024-11-16_17h38.46.805,untitled,2024.2.3,None,2024-11-16 17h38.57.009447 +0530,
square.png,other,0,3,3,0,m,0.4727646179962903,0.16195703300763853,,,,,,,0,3,3,2,,,,,25.915727724001044,,,,,,,,,,,,,,,,,,,,,,,,,,,,,,,,,,25.907193074002862,25.915727724001044,26.908229349006433,26.908229349006433,26.908229349006433,26.922596898002666,27.00843068100221,27.906399149011122,28.898948260000907,m,0.4727646179962903,0.16195703300763853,28.902215062000323,28.910832490000757,29.90598805701302,28.910832490000757,,,,,,,,,,,,,,,,,,,,,,,,,,,,,,,,,,,,,,,,,,,,,,317989,001,2024-11-16_17h38.46.805,untitled,2024.2.3,None,2024-11-16 17h38.57.009447 +0530,
,,,,,,,,,,,,,,,,,,,,,,,,,,,,,,,,,,,,,,,,,,,,,,,,,,,,,,,,,,,,,,,,,,,,,,,,,,29.90614324400667,29.90669362200424,,,,,,,,,,,,,,,,,,,,,,,,,,,,,,,,,,,,,,,,,,,317989,001,2024-11-16_17h38.46.805,untitled,2024.2.3,None,2024-11-16 17h38.57.009447 +0530,
,,,,,,,,,,,,,,,,,,,,,,,,,,,,,,,,,,,,,,,,,,,,,,,,,,,,,,,,,,,,,,,,,,,,,,,,,,,,29.90675015200395,29.91845797401038,29.91845797401038,32.74217827200482,space,2.8096384599921294,None,,,,,,,,,,,,,,,,,,,,,,,,,,,,,,,,,,,,317989,001,2024-11-16_17h38.46.805,untitled,2024.2.3,None,2024-11-16 17h38.57.009447 +0530,
,,,,,,,,,,,,,,,,,,,,,,,,,,,,,,,,,,,,,,,,,,,,,,,,,,,,,,,,,,,,,,,,,,,,,,,,,,,,,,,,,,,32.74226487601118,32.760459731012816,32.760459731012816,32.760459731012816,32.760459731012816,32.760459731012816,32.760459731012816,35.004382164013805,space,2.241796633010381,None,,,,,,,,,,,,,,,,,,,,,,,,,317989,001,2024-11-16_17h38.46.805,untitled,2024.2.3,None,2024-11-16 17h38.57.009447 +0530,
,,,,,,,,,,,,,,,,,,,,,,,,,,,,,,,,,,,,,,,,,,,,,,,,,,,,,,,,,,,,,,,,,,,,,,,,,,,,,,,,,,,,,,,,,,,,,,35.00446941400878,35.016621005008346,35.016621005008346,38.45828184200218,space,3.4317238819930935,None,,,,,,,,,,,,,,,,,,317989,001,2024-11-16_17h38.46.805,untitled,2024.2.3,None,2024-11-16 17h38.57.009447 +0530,
,,,0,0,0,,,,square.png,desirable self,1,m,0.7594354710017797,0.2035844560014084,,,,,0,0,0,0,38.48434832401108,,,,,,,,,,,,,,,,,,,,,,,,,,,,,,,,,,,,,,,,,,,,,,,,,,,,,,,,,,,,,,,,,,,,,,,,,,,,,,38.47566976801318,38.48434832401108,39.45801977500378,39.45801977500378,39.45801977500378,39.48653049800487,39.55761710900697,40.45518241501122,41.465952584010665,m,0.7594354710017797,0.2035844560014084,41.46882048601401,41.478584950004006,42.467313434011885,,,317989,001,2024-11-16_17h38.46.805,untitled,2024.2.3,None,2024-11-16 17h38.57.009447 +0530,
,,,1,1,0,,,,square.png,disgusting self,0,None,,,,,,,0,1,1,2,42.47978136400343,,,,,,,,,,,,,,,,,,,,,,,,,,,,,,,,,,,,,,,,,,,,,,,,,,,,,,,,,,,,,,,,,,,,,,,,,,,,,,42.474427660010406,42.47978136400343,43.462684975005686,43.462684975005686,43.462684975005686,43.474432910006726,43.55904761700367,44.46753265701409,45.45587363401137,None,,,45.45851194001443,45.46808560201316,46.46604691501125,45.46808560201316,,317989,001,2024-11-16_17h38.46.805,untitled,2024.2.3,None,2024-11-16 17h38.57.009447 +0530,
,,,2,2,0,,,,triangle.png,desirable self,0,m,0.873223094997229,0.17426626000087708,,,,,0,2,2,3,46.48180880700238,,,,,,,,,,,,,,,,,,,,,,,,,,,,,,,,,,,,,,,,,,,,,,,,,,,,,,,,,,,,,,,,,,,,,,,,,,,,,,46.47280741900613,46.48180880700238,47.46567380100896,47.46567380100896,47.46567380100896,47.48008726601256,47.57882440800313,48.46808803800377,49.457778044001316,m,0.873223094997229,0.17426626000087708,49.46127637900645,49.4697312440112,50.468739652002114,49.4697312440112,,317989,001,2024-11-16_17h38.46.805,untitled,2024.2.3,None,2024-11-16 17h38.57.009447 +0530,
,,,3,3,0,,,,triangle.png,disgusting self,1,m,0.7545747709955322,0.16897240000253078,,,,,0,3,3,1,50.48290094800177,,,,,,,,,,,,,,,,,,,,,,,,,,,,,,,,,,,,,,,,,,,,,,,,,,,,,,,,,,,,,,,,,,,,,,,,,,,,,,50.47414373200445,50.48290094800177,51.45931468400522,51.45931468400522,51.45931468400522,51.489753923000535,51.56166525500885,52.45547643001191,53.450224585001706,m,0.7545747709955322,0.16897240000253078,53.452913987013744,53.46291384800861,54.451209739010665,53.46291384800861,54.46338824700797,317989,001,2024-11-16_17h38.46.805,untitled,2024.2.3,None,2024-11-16 17h38.57.009447 +0530,
,,,4,0,1,,,,square.png,disgusting self,0,m,1.8316844450018834,0.13338479099911638,,,,,1,0,4,2,54.46338824700797,,,,,,,,,,,,,,,,,,,,,,,,,,,,,,,,,,,,,,,,,,,,,,,,,,,,,,,,,,,,,,,,,,,,,,,,,,,,,,54.45331995601009,54.46338824700797,55.46826541100745,55.46826541100745,55.46826541100745,55.46826541100745,55.56904826400569,56.46488219800813,57.4625586480106,m,1.8316844450018834,0.13338479099911638,57.46534554300888,57.47450925000885,58.46650923800189,,,317989,001,2024-11-16_17h38.46.805,untitled,2024.2.3,None,2024-11-16 17h38.57.009447 +0530,
,,,5,1,1,,,,square.png,desirable self,1,None,,,,,,,1,1,5,0,58.481892856012564,,,,,,,,,,,,,,,,,,,,,,,,,,,,,,,,,,,,,,,,,,,,,,,,,,,,,,,,,,,,,,,,,,,,,,,,,,,,,,58.47168854800111,58.481892856012564,59.46911059600825,59.46911059600825,59.46911059600825,59.48567110601289,59.56995132200245,60.47119877200748,61.46258337100153,None,,,61.46490748701035,61.4737821600138,62.461047357006464,,,317989,001,2024-11-16_17h38.46.805,untitled,2024.2.3,None,2024-11-16 17h38.57.009447 +0530,
,,,6,2,1,,,,triangle.png,disgusting self,1,None,,,,,,,1,2,6,1,62.47613781200198,,,,,,,,,,,,,,,,,,,,,,,,,,,,,,,,,,,,,,,,,,,,,,,,,,,,,,,,,,,,,,,,,,,,,,,,,,,,,,62.46680972100876,62.47613781200198,63.45754879900778,63.45754879900778,63.45754879900778,63.486685365001904,63.55855892400723,64.4552789080044,65.45031537000614,None,,,65.4504005570052,65.45901065801445,66.45577929700084,65.45901065801445,66.4707106630085,317989,001,2024-11-16_17h38.46.805,untitled,2024.2.3,None,2024-11-16 17h38.57.009447 +0530,
,,,7,3,1,,,,triangle.png,desirable self,0,m,0.282142575000762,0.1469853409944335,,,,,1,3,7,3,66.4707106630085,,,,,,,,,,,,,,,,,,,,,,,,,,,,,,,,,,,,,,,,,,,,,,,,,,,,,,,,,,,,,,,,,,,,,,,,,,,,,,66.4613878440141,66.4707106630085,67.46069952100515,67.46069952100515,67.46069952100515,67.47445381800935,67.5619003590109,68.45856038700731,69.45590377300687,m,0.282142575000762,0.1469853409944335,69.45883341300942,69.46773199900053,70.45633489500324,69.46773199900053,70.46763117900991,317989,001,2024-11-16_17h38.46.805,untitled,2024.2.3,None,2024-11-16 17h38.57.009447 +0530,
,,,8,0,2,,,,triangle.png,desirable self,0,None,,,,,,,2,0,8,3,70.46763117900991,,,,,,,,,,,,,,,,,,,,,,,,,,,,,,,,,,,,,,,,,,,,,,,,,,,,,,,,,,,,,,,,,,,,,,,,,,,,,,70.45876965000934,70.46763117900991,71.47859916501329,71.47859916501329,71.47859916501329,71.47859916501329,71.57819872300024,72.48604280001018,73.46708849600691,None,,,73.46935572000802,73.47794446100306,74.47145220900711,,,317989,001,2024-11-16_17h38.46.805,untitled,2024.2.3,None,2024-11-16 17h38.57.009447 +0530,
,,,9,1,2,,,,square.png,disgusting self,0,m,0.39200551398971584,0.14212703199882526,,,,,2,1,9,2,74.48700256600569,,,,,,,,,,,,,,,,,,,,,,,,,,,,,,,,,,,,,,,,,,,,,,,,,,,,,,,,,,,,,,,,,,,,,,,,,,,,,,74.47765128800529,74.48700256600569,75.46182346501155,75.46182346501155,75.46182346501155,75.4895750870055,75.56163790001301,76.4626980630128,77.45123107101244,m,0.39200551398971584,0.14212703199882526,77.45402149800793,77.46281098100008,78.45689325100102,77.46281098100008,78.46891489700647,317989,001,2024-11-16_17h38.46.805,untitled,2024.2.3,None,2024-11-16 17h38.57.009447 +0530,
,,,10,2,2,,,,triangle.png,disgusting self,1,z,1.2789746189955622,0.05329772300319746,,,,,2,2,10,1,78.46891489700647,,,,,,,,,,,,,,,,,,,,,,,,,,,,,,,,,,,,,,,,,,,,,,,,,,,,,,,,,,,,,,,,,,,,,,,,,,,,,,78.45934593300626,78.46891489700647,79.46503286100051,79.46503286100051,79.46503286100051,79.47976958700747,79.56471580200014,80.47225280800194,81.46571097100968,z,1.2789746189955622,0.05329772300319746,81.46581879700534,81.4741168590117,82.45990444101335,,,317989,001,2024-11-16_17h38.46.805,untitled,2024.2.3,None,2024-11-16 17h38.57.009447 +0530,
,,,11,3,2,,,,square.png,desirable self,1,m,0.8750264109985437,0.1207903989998158,,,,,2,3,11,0,82.47467602000688,,,,,,,,,,,,,,,,,,,,,,,,,,,,,,,,,,,,,,,,,,,,,,,,,,,,,,,,,,,,,,,,,,,,,,,,,,,,,,82.46539846800442,82.47467602000688,83.45590484900458,83.45590484900458,83.45590484900458,83.48554874300316,83.55705808001221,84.45919431000948,85.44727001700085,m,0.8750264109985437,0.1207903989998158,85.45006477700372,85.4584552780143,86.44860531001177,85.4584552780143,86.46433048600738,317989,001,2024-11-16_17h38.46.805,untitled,2024.2.3,None,2024-11-16 17h38.57.009447 +0530,
,,,12,0,3,,,,triangle.png,disgusting self,1,None,,,,,,,3,0,12,1,86.46433048600738,,,,,,,,,,,,,,,,,,,,,,,,,,,,,,,,,,,,,,,,,,,,,,,,,,,,,,,,,,,,,,,,,,,,,,,,,,,,,,86.45404645000235,86.46433048600738,87.45861272601178,87.45861272601178,87.45861272601178,87.47336861400981,87.55683368201426,88.46150075600599,89.45051023300039,None,,,89.45281791000161,89.46283224600484,90.4585498660017,89.46283224600484,90.47578722301114,317989,001,2024-11-16_17h38.46.805,untitled,2024.2.3,None,2024-11-16 17h38.57.009447 +0530,
,,,13,1,3,,,,square.png,desirable self,1,None,,,,,,,3,1,13,0,90.47578722301114,,,,,,,,,,,,,,,,,,,,,,,,,,,,,,,,,,,,,,,,,,,,,,,,,,,,,,,,,,,,,,,,,,,,,,,,,,,,,,90.4638348360022,90.47578722301114,91.45564649700827,91.45564649700827,91.45564649700827,91.48467688901292,91.55493147500965,92.4516401100118,93.44729029700102,None,,,93.44737434000126,93.45545429701451,94.44627556300838,93.45545429701451,94.46262025700707,317989,001,2024-11-16_17h38.46.805,untitled,2024.2.3,None,2024-11-16 17h38.57.009447 +0530,
,,,14,2,3,,,,square.png,disgusting self,0,z,0.6870736840064637,0.17802747499081306,,,,,3,2,14,2,94.46262025700707,,,,,,,,,,,,,,,,,,,,,,,,,,,,,,,,,,,,,,,,,,,,,,,,,,,,,,,,,,,,,,,,,,,,,,,,,,,,,,94.45142454400775,94.46262025700707,95.46776906200103,95.46776906200103,95.46776906200103,95.46776906200103,95.56750345900946,96.4774727840122,97.46736923001299,z,0.6870736840064637,0.17802747499081306,97.47003387800942,97.47873251300189,98.47185098400223,,,317989,001,2024-11-16_17h38.46.805,untitled,2024.2.3,None,2024-11-16 17h38.57.009447 +0530,
,,,15,3,3,,,,triangle.png,desirable self,0,,,,,,,,3,3,15,3,98.48701903600886,,,,,,,,,,,,,,,,,,,,,,,,,,,,,,,,,,,,,,,,,,,,,,,,,,,,,,,,,,,,,,,,,,,,,,,,,,,,,,98.47760264801036,98.48701903600886,,,,,,,,,,,,,,,,,,,,,,,
