﻿stimulus,label,is_match,thisN,thisTrialN,thisRepN,key_resp.keys,key_resp.rt,key_resp.duration,stimulus_2,label_2,is_match_2,key_resp_6.keys,key_resp_6.rt,key_resp_6.duration,trials.thisRepN,trials.thisTrialN,trials.thisN,trials.thisIndex,trials_2.thisRepN,trials_2.thisTrialN,trials_2.thisN,trials_2.thisIndex,thisRow.t,notes,Intruduction.started,text_3.started,key_resp_2.started,Intruduction.stopped,key_resp_2.keys,key_resp_2.rt,key_resp_2.duration,self_other_instructions.started,text_4.started,key_resp_3.started,self_other_instructions.stopped,key_resp_3.keys,key_resp_3.rt,key_resp_3.duration,self_other_info.started,square_image.started,triangle_image.started,self_label.started,other_label.started,key_resp_4.started,text_5.started,self_other_info.stopped,key_resp_4.keys,key_resp_4.rt,key_resp_4.duration,self_other_starting_2.started,text_6.started,key_resp_5.started,self_other_starting_2.stopped,key_resp_5.keys,key_resp_5.rt,key_resp_5.duration,trial.started,fixation.started,text.started,key_resp.started,image.started,fixation.stopped,image.stopped,text.stopped,trial.stopped,trials.key_resp.keys,trials.key_resp.rt,trials.key_resp.duration,feedback.started,text_2.started,feedback.stopped,key_resp.stopped,text_2.stopped,break_3.started,break_3.stopped,self_other_instructions_2.started,text_10.started,key_resp_7.started,self_other_instructions_2.stopped,key_resp_7.keys,key_resp_7.rt,key_resp_7.duration,self_other_intro_2.started,square_image_2.started,triangle_image_2.started,Disgusting_self_lable.started,Desirable_self_lable.started,key_resp_8.started,text_11.started,self_other_intro_2.stopped,key_resp_8.keys,key_resp_8.rt,key_resp_8.duration,self_other_starting_3.started,text_12.started,key_resp_9.started,self_other_starting_3.stopped,key_resp_9.keys,key_resp_9.rt,key_resp_9.duration,trial_2.started,fixation_2.started,text_8.started,key_resp_6.started,image_2.started,fixation_2.stopped,image_2.stopped,text_8.stopped,key_resp_6.stopped,trial_2.stopped,trials_2.key_resp_6.keys,trials_2.key_resp_6.rt,trials_2.key_resp_6.duration,feedback_2.started,text_9.started,feedback_2.stopped,text_9.stopped,participant,session,date,expName,psychopyVersion,frameRate,expStart,
,,,,,,,,,,,,,,,,,,,,,,,,,0.02912408699921798,0.05107261199736968,0.05107261199736968,1.2294223640055861,space,1.1488266450032825,None,,,,,,,,,,,,,,,,,,,,,,,,,,,,,,,,,,,,,,,,,,,,,,,,,,,,,,,,,,,,,,,,,,,,,,,,,,,,,,,,,,,,,,,400988,001,2024-11-16_17h33.40.248,untitled,2024.2.3,None,2024-11-16 17h33.50.199052 +0530,
,,,,,,,,,,,,,,,,,,,,,,,,,,,,,,,,1.2294856140069896,1.2439318210090278,1.2439318210090278,2.117494528996758,space,0.8511885490006534,None,,,,,,,,,,,,,,,,,,,,,,,,,,,,,,,,,,,,,,,,,,,,,,,,,,,,,,,,,,,,,,,,,,,,,,,,,,,,,,,,400988,001,2024-11-16_17h33.40.248,untitled,2024.2.3,None,2024-11-16 17h33.50.199052 +0530,
,,,,,,,,,,,,,,,,,,,,,,,,,,,,,,,,,,,,,,,2.1175480539968703,2.1411949199973606,2.1411949199973606,2.1411949199973606,2.1411949199973606,2.1411949199973606,2.1411949199973606,4.190863575000549,space,2.0441683630051557,None,,,,,,,,,,,,,,,,,,,,,,,,,,,,,,,,,,,,,,,,,,,,,,,,,,,,,,,,,,,,,,,,,,,,,400988,001,2024-11-16_17h33.40.248,untitled,2024.2.3,None,2024-11-16 17h33.50.199052 +0530,
,,,,,,,,,,,,,,,,,,,,,,,,,,,,,,,,,,,,,,,,,,,,,,,,,,4.190933321006014,4.2030746530072065,4.2030746530072065,5.308312262000982,space,1.092065087010269,None,,,,,,,,,,,,,,,,,,,,,,,,,,,,,,,,,,,,,,,,,,,,,,,,,,,,,,,,,,,,,,400988,001,2024-11-16_17h33.40.248,untitled,2024.2.3,None,2024-11-16 17h33.50.199052 +0530,
square.png,self,1,0,0,0,z,0.35566521699365694,0.21945281300577335,,,,,,,0,0,0,0,,,,,5.336679375002859,,,,,,,,,,,,,,,,,,,,,,,,,,,,,,,,,,5.328544048010372,5.336679375002859,6.319234125010553,6.319234125010553,6.319234125010553,6.332175871997606,6.417738342002849,7.330211931010126,8.312246145011159,z,0.35566521699365694,0.21945281300577335,8.320461408002302,8.326026043010643,9.327219730999786,,,,,,,,,,,,,,,,,,,,,,,,,,,,,,,,,,,,,,,,,,,,,,,400988,001,2024-11-16_17h33.40.248,untitled,2024.2.3,None,2024-11-16 17h33.50.199052 +0530,
square.png,other,0,1,1,0,None,,,,,,,,,0,1,1,2,,,,,9.340231408001273,,,,,,,,,,,,,,,,,,,,,,,,,,,,,,,,,,9.333449512007064,9.340231408001273,10.309284340997692,10.309284340997692,10.309284340997692,10.337496371997986,10.4091809290112,11.307553518010536,12.301535216000048,None,,,12.308463289009524,12.313625676004449,13.308459746011067,12.313625676004449,,,,,,,,,,,,,,,,,,,,,,,,,,,,,,,,,,,,,,,,,,,,,,400988,001,2024-11-16_17h33.40.248,untitled,2024.2.3,None,2024-11-16 17h33.50.199052 +0530,
triangle.png,self,0,2,2,0,z,0.6281063659989741,0.2010503679921385,,,,,,,0,2,2,3,,,,,13.323584565005149,,,,,,,,,,,,,,,,,,,,,,,,,,,,,,,,,,13.313287643002695,13.323584565005149,14.312669282997376,14.312669282997376,14.312669282997376,14.326693872004398,14.412332414998673,15.315977524005575,16.31104027100082,z,0.6281063659989741,0.2010503679921385,16.31588796300639,16.32088264200138,17.31842551000591,,,,,,,,,,,,,,,,,,,,,,,,,,,,,,,,,,,,,,,,,,,,,,,400988,001,2024-11-16_17h33.40.248,untitled,2024.2.3,None,2024-11-16 17h33.50.199052 +0530,
triangle.png,other,1,3,3,0,m,0.4197798220120603,0.22016659699147567,,,,,,,0,3,3,1,,,,,17.333023245009826,,,,,,,,,,,,,,,,,,,,,,,,,,,,,,,,,,17.323625839999295,17.333023245009826,18.31257447200187,18.31257447200187,18.31257447200187,18.35678855799779,18.412778728001285,19.31260618600936,20.302154728007736,m,0.4197798220120603,0.22016659699147567,20.302259873002185,20.31213298800867,21.308293220004998,20.31213298800867,21.31892370300193,,,,,,,,,,,,,,,,,,,,,,,,,,,,,,,,,,,,,,,,,,,,,400988,001,2024-11-16_17h33.40.248,untitled,2024.2.3,None,2024-11-16 17h33.50.199052 +0530,
,,,,,,,,,,,,,,,,,,,,,,,,,,,,,,,,,,,,,,,,,,,,,,,,,,,,,,,,,,,,,,,,,,,,,,,,,,21.30843193300825,21.3088409530028,,,,,,,,,,,,,,,,,,,,,,,,,,,,,,,,,,,,,,,,,,,400988,001,2024-11-16_17h33.40.248,untitled,2024.2.3,None,2024-11-16 17h33.50.199052 +0530,
,,,,,,,,,,,,,,,,,,,,,,,,,,,,,,,,,,,,,,,,,,,,,,,,,,,,,,,,,,,,,,,,,,,,,,,,,,,,21.308890371001326,21.31892370300193,21.31892370300193,23.977364114005468,space,2.6409602019994054,None,,,,,,,,,,,,,,,,,,,,,,,,,,,,,,,,,,,,400988,001,2024-11-16_17h33.40.248,untitled,2024.2.3,None,2024-11-16 17h33.50.199052 +0530,
,,,,,,,,,,,,,,,,,,,,,,,,,,,,,,,,,,,,,,,,,,,,,,,,,,,,,,,,,,,,,,,,,,,,,,,,,,,,,,,,,,,23.97743290499784,23.9939518290048,23.9939518290048,23.9939518290048,23.9939518290048,23.9939518290048,23.9939518290048,24.931775315999403,space,0.9303892669995548,None,,,,,,,,,,,,,,,,,,,,,,,,,400988,001,2024-11-16_17h33.40.248,untitled,2024.2.3,None,2024-11-16 17h33.50.199052 +0530,
,,,,,,,,,,,,,,,,,,,,,,,,,,,,,,,,,,,,,,,,,,,,,,,,,,,,,,,,,,,,,,,,,,,,,,,,,,,,,,,,,,,,,,,,,,,,,,24.931863553007133,24.943944601996918,24.943944601996918,26.06083004899847,space,1.1125112569861813,None,,,,,,,,,,,,,,,,,,400988,001,2024-11-16_17h33.40.248,untitled,2024.2.3,None,2024-11-16 17h33.50.199052 +0530,
,,,0,0,0,,,,triangle.png,desirable self,0,z,0.7148069219983881,0.1103898260043934,,,,,0,0,0,3,26.087090896005975,,,,,,,,,,,,,,,,,,,,,,,,,,,,,,,,,,,,,,,,,,,,,,,,,,,,,,,,,,,,,,,,,,,,,,,,,,,,,,26.078136872005416,26.087090896005975,27.061047278009937,27.061047278009937,27.061047278009937,27.08987435900781,27.161006285008625,28.06277868199686,29.0688494299975,29.056508424997446,z,0.7148069219983881,0.1103898260043934,29.059321015010937,29.0688494299975,30.06298108000192,,400988,001,2024-11-16_17h33.40.248,untitled,2024.2.3,None,2024-11-16 17h33.50.199052 +0530,
,,,1,1,0,,,,triangle.png,disgusting self,1,z,0.7456819369981531,0.12805659099831246,,,,,0,1,1,1,30.07548331801081,,,,,,,,,,,,,,,,,,,,,,,,,,,,,,,,,,,,,,,,,,,,,,,,,,,,,,,,,,,,,,,,,,,,,,,,,,,,,,30.069984314002795,30.07548331801081,31.06251620700641,31.06251620700641,31.06251620700641,31.07943745200464,31.164299673997448,32.06244876200799,,33.062515479003196,z,0.7456819369981531,0.12805659099831246,33.062619296004414,33.07107110900688,34.06705672800308,,400988,001,2024-11-16_17h33.40.248,untitled,2024.2.3,None,2024-11-16 17h33.50.199052 +0530,
,,,2,2,0,,,,square.png,desirable self,1,None,,,,,,,0,2,2,0,34.08199241900002,,,,,,,,,,,,,,,,,,,,,,,,,,,,,,,,,,,,,,,,,,,,,,,,,,,,,,,,,,,,,,,,,,,,,,,,,,,,,,34.07260826700076,34.08199241900002,35.06917286499811,35.06917286499811,35.06917286499811,35.084642633009935,35.170424520998495,36.07687453299877,37.06926108599873,37.060935587011045,None,,,37.06101558000955,37.06926108599873,38.059926985006314,38.07569963700371,400988,001,2024-11-16_17h33.40.248,untitled,2024.2.3,None,2024-11-16 17h33.50.199052 +0530,
,,,3,3,0,,,,square.png,disgusting self,0,None,,,,,,,0,3,3,2,38.07569963700371,,,,,,,,,,,,,,,,,,,,,,,,,,,,,,,,,,,,,,,,,,,,,,,,,,,,,,,,,,,,,,,,,,,,,,,,,,,,,,38.0656836630078,38.07569963700371,39.064153876010096,39.064153876010096,39.064153876010096,39.081082032003906,39.165818346999,40.064123663003556,41.06255509200855,41.0530945549981,None,,,41.053274746009265,41.06255509200855,42.060139239009004,42.071708978997776,400988,001,2024-11-16_17h33.40.248,untitled,2024.2.3,None,2024-11-16 17h33.50.199052 +0530,
,,,4,0,1,,,,square.png,disgusting self,0,m,1.3841392000031192,0.16810305499529932,,,,,1,0,4,2,42.071708978997776,,,,,,,,,,,,,,,,,,,,,,,,,,,,,,,,,,,,,,,,,,,,,,,,,,,,,,,,,,,,,,,,,,,,,,,,,,,,,,42.06225464800082,42.071708978997776,43.064725326999906,43.064725326999906,43.064725326999906,43.08039330400061,43.166016179005965,44.07275633000245,45.069948428004864,45.058498958009295,m,1.3841392000031192,0.16810305499529932,45.06126288500673,45.069948428004864,46.06130145600764,46.073932206010795,400988,001,2024-11-16_17h33.40.248,untitled,2024.2.3,None,2024-11-16 17h33.50.199052 +0530,
,,,5,1,1,,,,triangle.png,disgusting self,1,None,,,,,,,1,1,5,1,46.073932206010795,,,,,,,,,,,,,,,,,,,,,,,,,,,,,,,,,,,,,,,,,,,,,,,,,,,,,,,,,,,,,,,,,,,,,,,,,,,,,,46.063603622998926,46.073932206010795,47.062831502000336,47.062831502000336,47.062831502000336,47.07843547601078,47.16239158299868,48.06707372301025,49.071618658010266,49.05902837699978,None,,,49.059101602004375,49.071618658010266,50.06436364800902,,400988,001,2024-11-16_17h33.40.248,untitled,2024.2.3,None,2024-11-16 17h33.50.199052 +0530,
,,,6,2,1,,,,triangle.png,desirable self,0,z,1.6279469419969246,0.10859718400752172,,,,,1,2,6,3,50.07877199200448,,,,,,,,,,,,,,,,,,,,,,,,,,,,,,,,,,,,,,,,,,,,,,,,,,,,,,,,,,,,,,,,,,,,,,,,,,,,,,50.06881837800029,50.07877199200448,51.06518951900944,51.06518951900944,51.06518951900944,51.08296428200265,51.17864572600229,52.06283928200719,,53.06490615900839,z,1.6279469419969246,0.10859718400752172,53.06776017601078,53.07635971100535,54.06750724000449,,400988,001,2024-11-16_17h33.40.248,untitled,2024.2.3,None,2024-11-16 17h33.50.199052 +0530,
,,,7,3,1,,,,square.png,desirable self,1,z,0.36269180399540346,0.20595982200757135,,,,,1,3,7,0,54.079464576003375,,,,,,,,,,,,,,,,,,,,,,,,,,,,,,,,,,,,,,,,,,,,,,,,,,,,,,,,,,,,,,,,,,,,,,,,,,,,,,54.06978175000404,54.079464576003375,55.07044810699881,55.07044810699881,55.07044810699881,55.0862419000041,55.17047845500929,56.074926615998265,,57.07230869300838,z,0.36269180399540346,0.20595982200757135,57.07243037300941,57.08100343600381,58.06725759500114,,400988,001,2024-11-16_17h33.40.248,untitled,2024.2.3,None,2024-11-16 17h33.50.199052 +0530,
,,,8,0,2,,,,square.png,desirable self,1,z,0.5700918210059172,0.1965776220022235,,,,,2,0,8,0,58.07941802300047,,,,,,,,,,,,,,,,,,,,,,,,,,,,,,,,,,,,,,,,,,,,,,,,,,,,,,,,,,,,,,,,,,,,,,,,,,,,,,58.06947414400929,58.07941802300047,59.06855236701085,59.06855236701085,59.06855236701085,59.08331951200671,59.16810026700841,60.07702537800651,,61.069575549001456,z,0.5700918210059172,0.1965776220022235,61.0696782360028,61.0786757110036,62.07435704400996,,400988,001,2024-11-16_17h33.40.248,untitled,2024.2.3,None,2024-11-16 17h33.50.199052 +0530,
,,,9,1,2,,,,triangle.png,desirable self,0,z,1.3557915529963793,0.2235253270046087,,,,,2,1,9,3,62.08706716400047,,,,,,,,,,,,,,,,,,,,,,,,,,,,,,,,,,,,,,,,,,,,,,,,,,,,,,,,,,,,,,,,,,,,,,,,,,,,,,62.076991932000965,62.08706716400047,63.0620086780109,63.0620086780109,63.0620086780109,63.09298658699845,63.16371760000766,64.06597667600727,,65.06165274500381,z,1.3557915529963793,0.2235253270046087,65.06175964100112,65.0698284710088,66.06607318400347,,400988,001,2024-11-16_17h33.40.248,untitled,2024.2.3,None,2024-11-16 17h33.50.199052 +0530,
,,,10,2,2,,,,square.png,disgusting self,0,z,1.2046698090125574,0.31282981600088533,,,,,2,2,10,2,66.08156892700936,,,,,,,,,,,,,,,,,,,,,,,,,,,,,,,,,,,,,,,,,,,,,,,,,,,,,,,,,,,,,,,,,,,,,,,,,,,,,,66.0719954130036,66.08156892700936,67.05806956200104,67.05806956200104,67.05806956200104,67.0872181099985,67.15891798899975,68.06496892801079,69.06355027599784,69.05520586800412,z,1.2046698090125574,0.31282981600088533,69.05531147299916,69.06355027599784,70.05628201100626,70.06796299701091,400988,001,2024-11-16_17h33.40.248,untitled,2024.2.3,None,2024-11-16 17h33.50.199052 +0530,
,,,11,3,2,,,,triangle.png,disgusting self,1,None,,,,,,,2,3,11,1,70.06796299701091,,,,,,,,,,,,,,,,,,,,,,,,,,,,,,,,,,,,,,,,,,,,,,,,,,,,,,,,,,,,,,,,,,,,,,,,,,,,,,70.05857146000199,70.06796299701091,71.05730261901044,71.05730261901044,71.05730261901044,71.07155969100131,71.1589189110091,72.06191132300592,73.06198899800074,73.05241065600421,None,,,73.05249854100111,73.06198899800074,74.05821665200347,74.07371222499933,400988,001,2024-11-16_17h33.40.248,untitled,2024.2.3,None,2024-11-16 17h33.50.199052 +0530,
,,,12,0,3,,,,triangle.png,desirable self,0,m,0.8570148300059373,0.17591285199159756,,,,,3,0,12,3,74.07371222499933,,,,,,,,,,,,,,,,,,,,,,,,,,,,,,,,,,,,,,,,,,,,,,,,,,,,,,,,,,,,,,,,,,,,,,,,,,,,,,74.06361202499829,74.07371222499933,75.07208557800914,75.07208557800914,75.07208557800914,75.08976574199914,75.17587613800424,76.07282148899685,,77.06661722299759,m,0.8570148300059373,0.17591285199159756,77.06982050000806,77.07873623400519,78.07442553900182,,400988,001,2024-11-16_17h33.40.248,untitled,2024.2.3,None,2024-11-16 17h33.50.199052 +0530,
,,,13,1,3,,,,triangle.png,disgusting self,1,m,0.8528995610104175,0.2327030839951476,,,,,3,1,13,1,78.09025126299821,,,,,,,,,,,,,,,,,,,,,,,,,,,,,,,,,,,,,,,,,,,,,,,,,,,,,,,,,,,,,,,,,,,,,,,,,,,,,,78.07985633501085,78.09025126299821,79.06146649000584,79.06146649000584,79.06146649000584,79.0895415420091,79.16173120200983,80.06678101800208,81.061665886009,81.05176334999851,m,0.8528995610104175,0.2327030839951476,81.05186699700425,81.061665886009,82.05036342900712,82.06241801699798,400988,001,2024-11-16_17h33.40.248,untitled,2024.2.3,None,2024-11-16 17h33.50.199052 +0530,
,,,14,2,3,,,,square.png,disgusting self,0,z,0.91423718999431,0.1652195660135476,,,,,3,2,14,2,82.06241801699798,,,,,,,,,,,,,,,,,,,,,,,,,,,,,,,,,,,,,,,,,,,,,,,,,,,,,,,,,,,,,,,,,,,,,,,,,,,,,,82.05252321100852,82.06241801699798,83.06707416899735,83.06707416899735,83.06707416899735,83.06707416899735,83.16948987900105,84.08071368699893,85.07117258499784,85.05939625900646,z,0.91423718999431,0.1652195660135476,85.0625155279995,85.07117258499784,86.06103082300979,86.07485249600722,400988,001,2024-11-16_17h33.40.248,untitled,2024.2.3,None,2024-11-16 17h33.50.199052 +0530,
,,,15,3,3,,,,square.png,desirable self,1,,,,,,,,3,3,15,0,86.07485249600722,,,,,,,,,,,,,,,,,,,,,,,,,,,,,,,,,,,,,,,,,,,,,,,,,,,,,,,,,,,,,,,,,,,,,,,,,,,,,,86.0661187759979,86.07485249600722,,,,,,,,,,,,,,,,,,,,,,,
