﻿stimulus,label,is_match,thisN,thisTrialN,thisRepN,trials.thisRepN,trials.thisTrialN,trials.thisN,trials.thisIndex,key_resp.keys,key_resp.rt,key_resp.duration,thisRow.t,notes,Intruduction.started,text_3.started,key_resp_2.started,Intruduction.stopped,key_resp_2.keys,key_resp_2.rt,key_resp_2.duration,self_other_instructions.started,text_4.started,key_resp_3.started,self_other_instructions.stopped,key_resp_3.keys,key_resp_3.rt,key_resp_3.duration,self_other_info.started,square_image.started,triangle_image.started,self_label.started,other_label.started,key_resp_4.started,text_5.started,self_other_info.stopped,key_resp_4.keys,key_resp_4.rt,key_resp_4.duration,self_other_starting_2.started,text_6.started,key_resp_5.started,self_other_starting_2.stopped,key_resp_5.keys,key_resp_5.rt,key_resp_5.duration,trial.started,fixation.started,text.started,key_resp.started,image.started,fixation.stopped,image.stopped,text.stopped,trial.stopped,trials.key_resp.keys,trials.key_resp.rt,trials.key_resp.duration,participant,session,date,expName,psychopyVersion,frameRate,expStart,
,,,,,,,,,,,,,,,0.029242913995403796,0.05067936799605377,0.05067936799605377,1.1000043660023948,space,1.0273592900048243,None,,,,,,,,,,,,,,,,,,,,,,,,,,,,,,,,,,,,,,486974,001,2024-11-16_17h28.09.478,untitled,2024.2.3,None,2024-11-16 17h28.19.420056 +0530,
,,,,,,,,,,,,,,,,,,,,,,1.1000721650052583,1.124691356002586,1.124691356002586,4.493619893997675,space,3.3642453950014897,None,,,,,,,,,,,,,,,,,,,,,,,,,,,,,,,486974,001,2024-11-16_17h28.09.478,untitled,2024.2.3,None,2024-11-16 17h28.19.420056 +0530,
,,,,,,,,,,,,,,,,,,,,,,,,,,,,,4.493699458995252,4.525642624008469,4.525642624008469,4.525642624008469,4.525642624008469,4.525642624008469,4.525642624008469,8.300359328000923,space,3.7673727779911133,None,,,,,,,,,,,,,,,,,,,,486974,001,2024-11-16_17h28.09.478,untitled,2024.2.3,None,2024-11-16 17h28.19.420056 +0530,
,,,,,,,,,,,,,,,,,,,,,,,,,,,,,,,,,,,,,,,,8.300428190006642,8.31222250200517,8.31222250200517,10.20541077600501,space,1.8841834170016227,None,,,,,,,,,,,,,486974,001,2024-11-16_17h28.09.478,untitled,2024.2.3,None,2024-11-16 17h28.19.420056 +0530,
square.png,other,0,0,0,0,0,0,0,2,,,,10.237583665002603,,,,,,,,,,,,,,,,,,,,,,,,,,,,,,,,,,10.22765113900823,10.237583665002603,11.209473577007884,11.209473577007884,11.209473577007884,11.236550682006055,11.306237648008391,12.214829329997883,13.207721407001372,z,0.5264746110042324,0.1919571179896593,,,,,,,,
