﻿stimulus,label,is_match,thisN,thisTrialN,thisRepN,key_resp.keys,key_resp.rt,key_resp.duration,stimulus_2,label_2,is_match_2,key_resp_6.keys,key_resp_6.rt,key_resp_6.duration,trials.thisRepN,trials.thisTrialN,trials.thisN,trials.thisIndex,trials_2.thisRepN,trials_2.thisTrialN,trials_2.thisN,trials_2.thisIndex,thisRow.t,notes,Intruduction.started,text_3.started,key_resp_2.started,Intruduction.stopped,key_resp_2.keys,key_resp_2.rt,key_resp_2.duration,self_other_instructions.started,text_4.started,key_resp_3.started,self_other_instructions.stopped,key_resp_3.keys,key_resp_3.rt,key_resp_3.duration,self_other_info.started,square_image.started,triangle_image.started,self_label.started,other_label.started,key_resp_4.started,text_5.started,self_other_info.stopped,key_resp_4.keys,key_resp_4.rt,key_resp_4.duration,self_other_starting_2.started,text_6.started,key_resp_5.started,self_other_starting_2.stopped,key_resp_5.keys,key_resp_5.rt,key_resp_5.duration,trial.started,fixation.started,text.started,key_resp.started,image.started,fixation.stopped,image.stopped,text.stopped,trial.stopped,trials.key_resp.keys,trials.key_resp.rt,trials.key_resp.duration,feedback.started,text_2.started,feedback.stopped,key_resp.stopped,break_3.started,break_3.stopped,self_other_instructions_2.started,text_10.started,key_resp_7.started,self_other_instructions_2.stopped,key_resp_7.keys,key_resp_7.rt,key_resp_7.duration,self_other_intro_2.started,square_image_2.started,triangle_image_2.started,Disgusting_self_lable.started,Desirable_self_lable.started,key_resp_8.started,text_11.started,self_other_intro_2.stopped,key_resp_8.keys,key_resp_8.rt,key_resp_8.duration,self_other_starting_3.started,text_12.started,key_resp_9.started,self_other_starting_3.stopped,key_resp_9.keys,key_resp_9.rt,key_resp_9.duration,trial_2.started,fixation_2.started,text_8.started,key_resp_6.started,image_2.started,fixation_2.stopped,image_2.stopped,text_8.stopped,trial_2.stopped,trials_2.key_resp_6.keys,trials_2.key_resp_6.rt,trials_2.key_resp_6.duration,feedback_2.started,text_9.started,feedback_2.stopped,key_resp_6.stopped,text_9.stopped,participant,session,date,expName,psychopyVersion,frameRate,expStart,
,,,,,,,,,,,,,,,,,,,,,,,,,0.027853223000420257,0.05018035401008092,0.05018035401008092,1.1239551800099434,space,1.0425815180060454,None,,,,,,,,,,,,,,,,,,,,,,,,,,,,,,,,,,,,,,,,,,,,,,,,,,,,,,,,,,,,,,,,,,,,,,,,,,,,,,,,,,,,,,509788,001,2024-11-16_17h30.19.274,untitled,2024.2.3,None,2024-11-16 17h30.30.106047 +0530,
,,,,,,,,,,,,,,,,,,,,,,,,,,,,,,,,1.12402045300405,1.1498846350004897,1.1498846350004897,2.503295168004115,space,1.3441283680003835,None,,,,,,,,,,,,,,,,,,,,,,,,,,,,,,,,,,,,,,,,,,,,,,,,,,,,,,,,,,,,,,,,,,,,,,,,,,,,,,,509788,001,2024-11-16_17h30.19.274,untitled,2024.2.3,None,2024-11-16 17h30.30.106047 +0530,
,,,,,,,,,,,,,,,,,,,,,,,,,,,,,,,,,,,,,,,2.5033507269981783,2.532604756008368,2.532604756008368,2.532604756008368,2.532604756008368,2.532604756008368,2.532604756008368,3.738376990004326,space,1.1991384660068434,None,,,,,,,,,,,,,,,,,,,,,,,,,,,,,,,,,,,,,,,,,,,,,,,,,,,,,,,,,,,,,,,,,,,,509788,001,2024-11-16_17h30.19.274,untitled,2024.2.3,None,2024-11-16 17h30.30.106047 +0530,
,,,,,,,,,,,,,,,,,,,,,,,,,,,,,,,,,,,,,,,,,,,,,,,,,,3.7384499970066827,3.7507692409999436,3.7507692409999436,4.639298729001894,space,0.872902253002394,None,,,,,,,,,,,,,,,,,,,,,,,,,,,,,,,,,,,,,,,,,,,,,,,,,,,,,,,,,,,,,509788,001,2024-11-16_17h30.19.274,untitled,2024.2.3,None,2024-11-16 17h30.30.106047 +0530,
triangle.png,other,1,0,0,0,z,0.5535737009922741,0.17627347700181417,,,,,,,0,0,0,1,,,,,4.668329280000762,,,,,,,,,,,,,,,,,,,,,,,,,,,,,,,,,,4.66020583100908,4.668329280000762,5.648726455998258,5.648726455998258,5.648726455998258,5.675700334002613,5.749358874003519,6.647648245998425,7.654480315002729,z,0.5535737009922741,0.17627347700181417,7.660090261008008,7.671432532006293,8.639597843997763,,,,,,,,,,,,,,,,,,,,,,,,,,,,,,,,,,,,,,,,,,,,,,509788,001,2024-11-16_17h30.19.274,untitled,2024.2.3,None,2024-11-16 17h30.30.106047 +0530,
square.png,other,0,1,1,0,z,0.2921302399918204,0.16015151000465266,,,,,,,0,1,1,2,,,,,8.652062717010267,,,,,,,,,,,,,,,,,,,,,,,,,,,,,,,,,,8.64231397700496,8.652062717010267,9.660349174009752,9.660349174009752,9.660349174009752,9.678052297997056,9.763733701009187,10.665853519007214,11.6490605029976,z,0.2921302399918204,0.16015151000465266,11.653833596006734,11.659018960999674,12.650636171005317,,,,,,,,,,,,,,,,,,,,,,,,,,,,,,,,,,,,,,,,,,,,,,509788,001,2024-11-16_17h30.19.274,untitled,2024.2.3,None,2024-11-16 17h30.30.106047 +0530,
square.png,self,1,2,2,0,None,,,,,,,,,0,2,2,0,,,,,12.663533026003279,,,,,,,,,,,,,,,,,,,,,,,,,,,,,,,,,,12.657570643001236,12.663533026003279,13.637479629003792,13.637479629003792,13.637479629003792,13.667619094005204,13.741618731000926,14.646635452998453,15.63903617199685,None,,,15.644998436007882,15.650384564010892,16.646796637010993,15.650384564010892,,,,,,,,,,,,,,,,,,,,,,,,,,,,,,,,,,,,,,,,,,,,,509788,001,2024-11-16_17h30.19.274,untitled,2024.2.3,None,2024-11-16 17h30.30.106047 +0530,
triangle.png,self,0,3,3,0,z,0.4588184930034913,0.18217663100222126,,,,,,,0,3,3,3,,,,,16.658456782010035,,,,,,,,,,,,,,,,,,,,,,,,,,,,,,,,,,16.649048482009675,16.658456782010035,17.636857243007398,17.636857243007398,17.636857243007398,17.667274431005353,17.73691106500337,18.643840862001525,19.634290542002418,z,0.4588184930034913,0.18217663100222126,19.637465940002585,19.646216460998403,20.645716478000395,19.646216460998403,,,,,,,,,,,,,,,,,,,,,,,,,,,,,,,,,,,,,,,,,,,,,509788,001,2024-11-16_17h30.19.274,untitled,2024.2.3,None,2024-11-16 17h30.30.106047 +0530,
,,,,,,,,,,,,,,,,,,,,,,,,,,,,,,,,,,,,,,,,,,,,,,,,,,,,,,,,,,,,,,,,,,,,,,,,,20.645850751010585,20.6463326850062,,,,,,,,,,,,,,,,,,,,,,,,,,,,,,,,,,,,,,,,,,,509788,001,2024-11-16_17h30.19.274,untitled,2024.2.3,None,2024-11-16 17h30.30.106047 +0530,
,,,,,,,,,,,,,,,,,,,,,,,,,,,,,,,,,,,,,,,,,,,,,,,,,,,,,,,,,,,,,,,,,,,,,,,,,,,20.646390494002844,20.65676304300723,20.65676304300723,22.991777843999444,space,2.332809173007263,None,,,,,,,,,,,,,,,,,,,,,,,,,,,,,,,,,,,,509788,001,2024-11-16_17h30.19.274,untitled,2024.2.3,None,2024-11-16 17h30.30.106047 +0530,
,,,,,,,,,,,,,,,,,,,,,,,,,,,,,,,,,,,,,,,,,,,,,,,,,,,,,,,,,,,,,,,,,,,,,,,,,,,,,,,,,,22.99186426399683,23.011561548002646,23.011561548002646,23.011561548002646,23.011561548002646,23.011561548002646,23.011561548002646,29.87940286200319,space,6.864842298004078,None,,,,,,,,,,,,,,,,,,,,,,,,,509788,001,2024-11-16_17h30.19.274,untitled,2024.2.3,None,2024-11-16 17h30.30.106047 +0530,
,,,,,,,,,,,,,,,,,,,,,,,,,,,,,,,,,,,,,,,,,,,,,,,,,,,,,,,,,,,,,,,,,,,,,,,,,,,,,,,,,,,,,,,,,,,,,29.87948913499713,29.891646825009957,29.891646825009957,32.63267096200434,space,2.7357937149936333,None,,,,,,,,,,,,,,,,,,509788,001,2024-11-16_17h30.19.274,untitled,2024.2.3,None,2024-11-16 17h30.30.106047 +0530,
,,,0,0,0,,,,square.png,disgusting self,0,z,0.5510372860007919,0.1396818780049216,,,,,0,0,0,2,32.66026140000031,,,,,,,,,,,,,,,,,,,,,,,,,,,,,,,,,,,,,,,,,,,,,,,,,,,,,,,,,,,,,,,,,,,,,,,,,,,,,32.65062691200001,32.66026140000031,33.638689113999135,33.638689113999135,33.638689113999135,33.665537571010645,33.74742633799906,34.64105130700045,35.64821276300063,z,0.5510372860007919,0.1396818780049216,35.65108750600484,35.66094764700392,36.633633728997665,,,509788,001,2024-11-16_17h30.19.274,untitled,2024.2.3,None,2024-11-16 17h30.30.106047 +0530,
,,,1,1,0,,,,triangle.png,disgusting self,1,None,,,,,,,0,1,1,1,36.647206923997146,,,,,,,,,,,,,,,,,,,,,,,,,,,,,,,,,,,,,,,,,,,,,,,,,,,,,,,,,,,,,,,,,,,,,,,,,,,,,36.63716090100934,36.647206923997146,37.64335636100441,37.64335636100441,37.64335636100441,37.660904611999285,37.76097998600744,38.64328224401106,39.63209708700015,None,,,39.63219620801101,39.6441307500063,40.64205473801121,39.6441307500063,,509788,001,2024-11-16_17h30.19.274,untitled,2024.2.3,None,2024-11-16 17h30.30.106047 +0530,
,,,2,2,0,,,,triangle.png,desirable self,0,m,0.5694902699906379,0.17808762499771547,,,,,0,2,2,3,40.655136373010464,,,,,,,,,,,,,,,,,,,,,,,,,,,,,,,,,,,,,,,,,,,,,,,,,,,,,,,,,,,,,,,,,,,,,,,,,,,,,40.64964806000353,40.655136373010464,41.64139007299673,41.64139007299673,41.64139007299673,41.65599648200441,41.7418820830062,42.63925348300836,43.63355037300789,m,0.5694902699906379,0.17808762499771547,43.636929582004086,43.64624688299955,44.64430547899974,,,509788,001,2024-11-16_17h30.19.274,untitled,2024.2.3,None,2024-11-16 17h30.30.106047 +0530,
,,,3,3,0,,,,square.png,desirable self,1,m,0.7048387530085165,0.16738524599350058,,,,,0,3,3,0,44.65586663701106,,,,,,,,,,,,,,,,,,,,,,,,,,,,,,,,,,,,,,,,,,,,,,,,,,,,,,,,,,,,,,,,,,,,,,,,,,,,,44.64646073699987,44.65586663701106,45.64062613800343,45.64062613800343,45.64062613800343,45.655763504008064,45.74188563700591,46.64636700000847,47.63345406300505,m,0.7048387530085165,0.16738524599350058,47.63356285300688,47.64191588301037,48.63492495501123,,,509788,001,2024-11-16_17h30.19.274,untitled,2024.2.3,None,2024-11-16 17h30.30.106047 +0530,
,,,4,0,1,,,,square.png,desirable self,1,None,,,,,,,1,0,4,0,48.647264357001404,,,,,,,,,,,,,,,,,,,,,,,,,,,,,,,,,,,,,,,,,,,,,,,,,,,,,,,,,,,,,,,,,,,,,,,,,,,,,48.637116523997975,48.647264357001404,49.6334231790097,49.6334231790097,49.6334231790097,49.65987135301111,49.73295030600275,50.636253432006924,51.63022471500153,None,,,51.63032021300751,51.639552654,52.630286031999276,51.639552654,52.64626292900357,509788,001,2024-11-16_17h30.19.274,untitled,2024.2.3,None,2024-11-16 17h30.30.106047 +0530,
,,,5,1,1,,,,triangle.png,disgusting self,1,z,0.6516389629978221,0.07834907999495044,,,,,1,1,5,1,52.64626292900357,,,,,,,,,,,,,,,,,,,,,,,,,,,,,,,,,,,,,,,,,,,,,,,,,,,,,,,,,,,,,,,,,,,,,,,,,,,,,52.63571609799692,52.64626292900357,53.642091765999794,53.642091765999794,53.642091765999794,53.65657401899807,53.7440951870085,54.64304469700437,55.64336943499802,z,0.6516389629978221,0.07834907999495044,55.64659767699777,55.655535707002855,56.63876878999872,,,509788,001,2024-11-16_17h30.19.274,untitled,2024.2.3,None,2024-11-16 17h30.30.106047 +0530,
,,,6,2,1,,,,square.png,disgusting self,0,None,,,,,,,1,2,6,2,56.651250210998114,,,,,,,,,,,,,,,,,,,,,,,,,,,,,,,,,,,,,,,,,,,,,,,,,,,,,,,,,,,,,,,,,,,,,,,,,,,,,56.64148390800983,56.651250210998114,57.629542431997834,57.629542431997834,57.629542431997834,57.65709453599993,57.72725140200055,58.63532101199962,59.62478728500719,None,,,59.624880379997194,59.63332845100376,60.63131935300771,59.63332845100376,60.64605920801114,509788,001,2024-11-16_17h30.19.274,untitled,2024.2.3,None,2024-11-16 17h30.30.106047 +0530,
,,,7,3,1,,,,triangle.png,desirable self,0,,,,,,,,1,3,7,3,60.64605920801114,,,,,,,,,,,,,,,,,,,,,,,,,,,,,,,,,,,,,,,,,,,,,,,,,,,,,,,,,,,,,,,,,,,,,,,,,,,,,60.63619097000628,60.64605920801114,61.632011649999185,61.632011649999185,61.632011649999185,61.648577733009006,61.73288498200418,62.640231923011015,,,,,,,,,,,,,,,,,
