﻿stimulus,label,is_match,thisN,thisTrialN,thisRepN,key_resp.keys,key_resp.rt,key_resp.duration,stimulus_2,label_2,is_match_2,key_resp_6.keys,key_resp_6.rt,key_resp_6.duration,trials.thisRepN,trials.thisTrialN,trials.thisN,trials.thisIndex,trials_2.thisRepN,trials_2.thisTrialN,trials_2.thisN,trials_2.thisIndex,thisRow.t,notes,Intruduction.started,text_3.started,key_resp_2.started,Intruduction.stopped,key_resp_2.keys,key_resp_2.rt,key_resp_2.duration,self_other_instructions.started,text_4.started,key_resp_3.started,self_other_instructions.stopped,key_resp_3.keys,key_resp_3.rt,key_resp_3.duration,self_other_info.started,square_image.started,triangle_image.started,self_label.started,other_label.started,key_resp_4.started,text_5.started,self_other_info.stopped,key_resp_4.keys,key_resp_4.rt,key_resp_4.duration,self_other_starting_2.started,text_6.started,key_resp_5.started,self_other_starting_2.stopped,key_resp_5.keys,key_resp_5.rt,key_resp_5.duration,trial.started,fixation.started,text.started,key_resp.started,image.started,fixation.stopped,image.stopped,text.stopped,trial.stopped,trials.key_resp.keys,feedback.started,text_2.started,feedback.stopped,key_resp.stopped,text_2.stopped,trials.key_resp.rt,trials.key_resp.duration,break_3.started,break_3.stopped,self_other_instructions_2.started,text_10.started,key_resp_7.started,self_other_instructions_2.stopped,key_resp_7.keys,key_resp_7.rt,key_resp_7.duration,self_other_intro_2.started,square_image_2.started,triangle_image_2.started,Disgusting_self_lable.started,Desirable_self_lable.started,key_resp_8.started,text_11.started,self_other_intro_2.stopped,key_resp_8.keys,key_resp_8.rt,key_resp_8.duration,self_other_starting_3.started,text_12.started,key_resp_9.started,self_other_starting_3.stopped,key_resp_9.keys,key_resp_9.rt,key_resp_9.duration,trial_2.started,fixation_2.started,text_8.started,key_resp_6.started,image_2.started,fixation_2.stopped,image_2.stopped,text_8.stopped,trial_2.stopped,trials_2.key_resp_6.keys,trials_2.key_resp_6.rt,trials_2.key_resp_6.duration,feedback_2.started,text_9.started,feedback_2.stopped,key_resp_6.stopped,text_9.stopped,participant,session,date,expName,psychopyVersion,frameRate,expStart,
,,,,,,,,,,,,,,,,,,,,,,,,,0.02841300998989027,0.05222297599539161,0.05222297599539161,9.093890623989864,space,9.015923796003335,None,,,,,,,,,,,,,,,,,,,,,,,,,,,,,,,,,,,,,,,,,,,,,,,,,,,,,,,,,,,,,,,,,,,,,,,,,,,,,,,,,,,,,,,720935,001,2024-11-16_16h49.44.174,untitled,2024.2.3,118.43870450420071,2024-11-16 16h49.54.995176 +0530,
,,,,,,,,,,,,,,,,,,,,,,,,,,,,,,,,9.093963733990677,9.108426177990623,9.108426177990623,78.32833423299599,space,69.21374590799678,None,,,,,,,,,,,,,,,,,,,,,,,,,,,,,,,,,,,,,,,,,,,,,,,,,,,,,,,,,,,,,,,,,,,,,,,,,,,,,,,,720935,001,2024-11-16_16h49.44.174,untitled,2024.2.3,118.43870450420071,2024-11-16 16h49.54.995176 +0530,
,,,,,,,,,,,,,,,,,,,,,,,,,,,,,,,,,,,,,,,78.32840295200003,78.35872073899372,78.35872073899372,78.35872073899372,78.35872073899372,78.35872073899372,78.35872073899372,86.44025163298647,space,8.070206423988566,None,,,,,,,,,,,,,,,,,,,,,,,,,,,,,,,,,,,,,,,,,,,,,,,,,,,,,,,,,,,,,,,,,,,,,720935,001,2024-11-16_16h49.44.174,untitled,2024.2.3,118.43870450420071,2024-11-16 16h49.54.995176 +0530,
,,,,,,,,,,,,,,,,,,,,,,,,,,,,,,,,,,,,,,,,,,,,,,,,,,86.44032221799716,86.45204113099317,86.45204113099317,95.4555751739972,space,8.989163017002284,None,,,,,,,,,,,,,,,,,,,,,,,,,,,,,,,,,,,,,,,,,,,,,,,,,,,,,,,,,,,,,,720935,001,2024-11-16_16h49.44.174,untitled,2024.2.3,118.43870450420071,2024-11-16 16h49.54.995176 +0530,
triangle.png,other,1,0,0,0,None,,,,,,,,,0,0,0,1,,,,,95.48695743198914,,,,,,,,,,,,,,,,,,,,,,,,,,,,,,,,,,95.47790905198781,95.48695743198914,96.46707821000018,96.46707821000018,96.46707821000018,96.49711362099333,96.56921548600076,97.46456871299597,98.46492790099,None,98.47175140399486,98.47795590398891,99.461509500994,,,,,,,,,,,,,,,,,,,,,,,,,,,,,,,,,,,,,,,,,,,,,,,,,720935,001,2024-11-16_16h49.44.174,untitled,2024.2.3,118.43870450420071,2024-11-16 16h49.54.995176 +0530,
square.png,self,1,1,1,0,None,,,,,,,,,0,1,1,0,,,,,99.47316497699649,,,,,,,,,,,,,,,,,,,,,,,,,,,,,,,,,,99.46760806899692,99.47316497699649,100.4603606419987,100.4603606419987,100.4603606419987,100.48687060199154,100.56009379999887,101.45681651499763,102.45540744299069,None,102.45552035998844,102.46380396198947,103.46522666499368,102.46380396198947,,,,,,,,,,,,,,,,,,,,,,,,,,,,,,,,,,,,,,,,,,,,,,,,720935,001,2024-11-16_16h49.44.174,untitled,2024.2.3,118.43870450420071,2024-11-16 16h49.54.995176 +0530,
triangle.png,self,0,2,2,0,None,,,,,,,,,0,2,2,3,,,,,103.47777471899462,,,,,,,,,,,,,,,,,,,,,,,,,,,,,,,,,,103.46806661698793,103.47777471899462,104.46021881498746,104.46021881498746,104.46021881498746,104.47437922199606,104.55826703899947,105.45818321999104,106.45078418099729,None,106.45096515098703,106.46017815999221,107.45384762399772,106.46017815999221,107.46840973699,,,,,,,,,,,,,,,,,,,,,,,,,,,,,,,,,,,,,,,,,,,,,,,720935,001,2024-11-16_16h49.44.174,untitled,2024.2.3,118.43870450420071,2024-11-16 16h49.54.995176 +0530,
square.png,other,0,3,3,0,z,1.3914055500063114,0.1409794509963831,,,,,,,0,3,3,2,,,,,107.46840973699,,,,,,,,,,,,,,,,,,,,,,,,,,,,,,,,,,107.45914016799361,107.46840973699,108.45956952599226,108.45956952599226,108.45956952599226,108.47677296098846,108.5647286179883,109.46560657299415,110.45417527499376,z,110.46029119098966,110.46564833899902,111.45590951399936,110.46564833899902,111.4663936119905,1.3914055500063114,0.1409794509963831,,,,,,,,,,,,,,,,,,,,,,,,,,,,,,,,,,,,,,,,,,,,,720935,001,2024-11-16_16h49.44.174,untitled,2024.2.3,118.43870450420071,2024-11-16 16h49.54.995176 +0530,
,,,,,,,,,,,,,,,,,,,,,,,,,,,,,,,,,,,,,,,,,,,,,,,,,,,,,,,,,,,,,,,,,,,,,,,,,,111.45603090898658,111.45638497598702,,,,,,,,,,,,,,,,,,,,,,,,,,,,,,,,,,,,,,,,,,,720935,001,2024-11-16_16h49.44.174,untitled,2024.2.3,118.43870450420071,2024-11-16 16h49.54.995176 +0530,
,,,,,,,,,,,,,,,,,,,,,,,,,,,,,,,,,,,,,,,,,,,,,,,,,,,,,,,,,,,,,,,,,,,,,,,,,,,,111.45643620898772,111.4663936119905,111.4663936119905,120.31478215300012,space,8.842750891009928,None,,,,,,,,,,,,,,,,,,,,,,,,,,,,,,,,,,,,720935,001,2024-11-16_16h49.44.174,untitled,2024.2.3,118.43870450420071,2024-11-16 16h49.54.995176 +0530,
,,,,,,,,,,,,,,,,,,,,,,,,,,,,,,,,,,,,,,,,,,,,,,,,,,,,,,,,,,,,,,,,,,,,,,,,,,,,,,,,,,,120.31486745498842,120.32888849498704,120.32888849498704,120.32888849498704,120.32888849498704,120.32888849498704,120.32888849498704,121.825753083991,space,1.4789028749946738,None,,,,,,,,,,,,,,,,,,,,,,,,,720935,001,2024-11-16_16h49.44.174,untitled,2024.2.3,118.43870450420071,2024-11-16 16h49.54.995176 +0530,
,,,,,,,,,,,,,,,,,,,,,,,,,,,,,,,,,,,,,,,,,,,,,,,,,,,,,,,,,,,,,,,,,,,,,,,,,,,,,,,,,,,,,,,,,,,,,,121.82583214699116,121.84146241699636,121.84146241699636,125.0130743769987,space,3.163755236004363,None,,,,,,,,,,,,,,,,,,720935,001,2024-11-16_16h49.44.174,untitled,2024.2.3,118.43870450420071,2024-11-16 16h49.54.995176 +0530,
,,,0,0,0,,,,square.png,disgusting self,0,m,0.40030054400267545,0.1573552009940613,,,,,0,0,0,2,125.04222274899075,,,,,,,,,,,,,,,,,,,,,,,,,,,,,,,,,,,,,,,,,,,,,,,,,,,,,,,,,,,,,,,,,,,,,,,,,,,,,,125.0312632599962,125.04222274899075,126.02569282898912,126.02569282898912,126.02569282898912,126.03913914698933,126.1366750219895,127.02294887199241,128.01957312299055,m,0.40030054400267545,0.1573552009940613,128.0228027379926,128.03225209598895,129.01759787699848,,,720935,001,2024-11-16_16h49.44.174,untitled,2024.2.3,118.43870450420071,2024-11-16 16h49.54.995176 +0530,
,,,1,1,0,,,,triangle.png,disgusting self,1,None,,,,,,,0,1,1,1,129.03007733299455,,,,,,,,,,,,,,,,,,,,,,,,,,,,,,,,,,,,,,,,,,,,,,,,,,,,,,,,,,,,,,,,,,,,,,,,,,,,,,129.02054835300078,129.03007733299455,130.01135282599716,130.01135282599716,130.01135282599716,130.03880676499102,130.12037414399674,131.02051093199407,132.00263474599342,None,,,132.00280773198756,132.01120018199435,133.01126437999483,132.01120018199435,133.0228917689965,720935,001,2024-11-16_16h49.44.174,untitled,2024.2.3,118.43870450420071,2024-11-16 16h49.54.995176 +0530,
,,,2,2,0,,,,square.png,desirable self,1,z,0.2179310220089974,0.16841337300138548,,,,,0,2,2,0,133.0228917689965,,,,,,,,,,,,,,,,,,,,,,,,,,,,,,,,,,,,,,,,,,,,,,,,,,,,,,,,,,,,,,,,,,,,,,,,,,,,,,133.01742608798668,133.0228917689965,134.01805527199758,134.01805527199758,134.01805527199758,134.03222945099697,134.1176179699978,135.02608276398678,136.0121668089996,z,0.2179310220089974,0.16841337300138548,136.01227176899556,136.02067108498886,137.02496530298959,136.02067108498886,,720935,001,2024-11-16_16h49.44.174,untitled,2024.2.3,118.43870450420071,2024-11-16 16h49.54.995176 +0530,
,,,3,3,0,,,,triangle.png,desirable self,0,z,0.3722679920028895,0.1841912969975965,,,,,0,3,3,3,137.0374113089929,,,,,,,,,,,,,,,,,,,,,,,,,,,,,,,,,,,,,,,,,,,,,,,,,,,,,,,,,,,,,,,,,,,,,,,,,,,,,,137.02726231899578,137.0374113089929,138.0154839780007,138.0154839780007,138.0154839780007,138.04503850000037,138.1146483259945,139.01515556398954,140.0159867919865,z,0.3722679920028895,0.1841912969975965,140.01614046198665,140.02614254198852,141.02614777098643,,,720935,001,2024-11-16_16h49.44.174,untitled,2024.2.3,118.43870450420071,2024-11-16 16h49.54.995176 +0530,
,,,4,0,1,,,,square.png,desirable self,1,z,0.2750638970028376,0.16010455899231602,,,,,1,0,4,0,141.03830572198785,,,,,,,,,,,,,,,,,,,,,,,,,,,,,,,,,,,,,,,,,,,,,,,,,,,,,,,,,,,,,,,,,,,,,,,,,,,,,,141.0282740949915,141.03830572198785,142.02151310199406,142.02151310199406,142.02151310199406,142.03605358398636,142.12178068699723,143.03184835799038,144.01752339399536,z,0.2750638970028376,0.16010455899231602,144.0176697499992,144.02636397999595,145.02419156998803,,,720935,001,2024-11-16_16h49.44.174,untitled,2024.2.3,118.43870450420071,2024-11-16 16h49.54.995176 +0530,
,,,5,1,1,,,,triangle.png,desirable self,0,z,0.8023790649895091,0.14500763101386838,,,,,1,1,5,3,145.03656649698678,,,,,,,,,,,,,,,,,,,,,,,,,,,,,,,,,,,,,,,,,,,,,,,,,,,,,,,,,,,,,,,,,,,,,,,,,,,,,,145.02648571199097,145.03656649698678,146.02256185199076,146.02256185199076,146.02256185199076,146.0371957049938,146.12109057299676,147.02748388699547,148.02280823599722,z,0.8023790649895091,0.14500763101386838,148.02291464898735,148.03132569498848,149.01562252899748,,,720935,001,2024-11-16_16h49.44.174,untitled,2024.2.3,118.43870450420071,2024-11-16 16h49.54.995176 +0530,
,,,6,2,1,,,,triangle.png,disgusting self,1,m,0.6392104100086726,0.12915780598996207,,,,,1,2,6,1,149.0314286629873,,,,,,,,,,,,,,,,,,,,,,,,,,,,,,,,,,,,,,,,,,,,,,,,,,,,,,,,,,,,,,,,,,,,,,,,,,,,,,149.0221711209888,149.0314286629873,150.01405681698816,150.01405681698816,150.01405681698816,150.0297633309965,150.114936123995,151.01135845598765,152.0031905349897,m,0.6392104100086726,0.12915780598996207,152.00330080199637,152.01143612099986,153.00920263899025,152.01143612099986,153.02177737400052,720935,001,2024-11-16_16h49.44.174,untitled,2024.2.3,118.43870450420071,2024-11-16 16h49.54.995176 +0530,
,,,7,3,1,,,,square.png,disgusting self,0,,,,,,,,1,3,7,2,153.02177737400052,,,,,,,,,,,,,,,,,,,,,,,,,,,,,,,,,,,,,,,,,,,,,,,,,,,,,,,,,,,,,,,,,,,,,,,,,,,,,,153.01162167800067,153.02177737400052,154.02047472298727,154.02047472298727,154.02047472298727,154.02047472298727,154.12098274099117,,,,,,,,,,,,,,,,,,
