﻿stimulus,label,is_match,thisN,thisTrialN,thisRepN,key_resp.keys,key_resp.rt,key_resp.duration,stimulus_2,label_2,is_match_2,key_resp_6.keys,key_resp_6.rt,key_resp_6.duration,trials.thisRepN,trials.thisTrialN,trials.thisN,trials.thisIndex,trials_2.thisRepN,trials_2.thisTrialN,trials_2.thisN,trials_2.thisIndex,thisRow.t,notes,Intruduction.started,text_3.started,key_resp_2.started,Intruduction.stopped,key_resp_2.keys,key_resp_2.rt,key_resp_2.duration,self_other_instructions.started,text_4.started,key_resp_3.started,self_other_instructions.stopped,key_resp_3.keys,key_resp_3.rt,key_resp_3.duration,self_other_info.started,square_image.started,triangle_image.started,self_label.started,other_label.started,key_resp_4.started,text_5.started,self_other_info.stopped,key_resp_4.keys,key_resp_4.rt,key_resp_4.duration,self_other_starting_2.started,text_6.started,key_resp_5.started,self_other_starting_2.stopped,key_resp_5.keys,key_resp_5.rt,key_resp_5.duration,trial.started,fixation.started,text.started,key_resp.started,image.started,fixation.stopped,image.stopped,text.stopped,key_resp.stopped,trial.stopped,trials.key_resp.keys,feedback.started,text_2.started,text_2.stopped,feedback.stopped,trials.key_resp.rt,trials.key_resp.duration,break_3.started,break_3.stopped,self_other_instructions_2.started,text_10.started,key_resp_7.started,self_other_instructions_2.stopped,key_resp_7.keys,key_resp_7.rt,key_resp_7.duration,self_other_intro_2.started,square_image_2.started,triangle_image_2.started,Disgusting_self_lable.started,Desirable_self_lable.started,key_resp_8.started,text_11.started,self_other_intro_2.stopped,key_resp_8.keys,key_resp_8.rt,key_resp_8.duration,self_other_starting_3.started,text_12.started,key_resp_9.started,self_other_starting_3.stopped,key_resp_9.keys,key_resp_9.rt,key_resp_9.duration,trial_2.started,fixation_2.started,text_8.started,key_resp_6.started,image_2.started,fixation_2.stopped,image_2.stopped,text_8.stopped,key_resp_6.stopped,trial_2.stopped,trials_2.key_resp_6.keys,trials_2.key_resp_6.rt,trials_2.key_resp_6.duration,feedback_2.started,text_9.started,feedback_2.stopped,text_9.stopped,participant,session,date,expName,psychopyVersion,frameRate,expStart,
,,,,,,,,,,,,,,,,,,,,,,,,,0.026887842002906837,0.0495091710035922,0.0495091710035922,1.9334923580026953,space,1.8609300629905192,None,,,,,,,,,,,,,,,,,,,,,,,,,,,,,,,,,,,,,,,,,,,,,,,,,,,,,,,,,,,,,,,,,,,,,,,,,,,,,,,,,,,,,,,832588,001,2024-11-16_17h36.44.807,untitled,2024.2.3,None,2024-11-16 17h36.55.607334 +0530,
,,,,,,,,,,,,,,,,,,,,,,,,,,,,,,,,1.9335645499959355,1.958131378996768,1.958131378996768,6.484846897001262,space,4.520618125010515,None,,,,,,,,,,,,,,,,,,,,,,,,,,,,,,,,,,,,,,,,,,,,,,,,,,,,,,,,,,,,,,,,,,,,,,,,,,,,,,,,832588,001,2024-11-16_17h36.44.807,untitled,2024.2.3,None,2024-11-16 17h36.55.607334 +0530,
,,,,,,,,,,,,,,,,,,,,,,,,,,,,,,,,,,,,,,,6.484917505993508,6.514558959999704,6.514558959999704,6.514558959999704,6.514558959999704,6.514558959999704,6.514558959999704,8.34778443200048,space,1.8257101479975972,None,,,,,,,,,,,,,,,,,,,,,,,,,,,,,,,,,,,,,,,,,,,,,,,,,,,,,,,,,,,,,,,,,,,,,832588,001,2024-11-16_17h36.44.807,untitled,2024.2.3,None,2024-11-16 17h36.55.607334 +0530,
,,,,,,,,,,,,,,,,,,,,,,,,,,,,,,,,,,,,,,,,,,,,,,,,,,8.347852612991119,8.360006898990832,8.360006898990832,10.240637230992434,space,1.8718798399931984,None,,,,,,,,,,,,,,,,,,,,,,,,,,,,,,,,,,,,,,,,,,,,,,,,,,,,,,,,,,,,,,832588,001,2024-11-16_17h36.44.807,untitled,2024.2.3,None,2024-11-16 17h36.55.607334 +0530,
triangle.png,other,1,0,0,0,None,,,,,,,,,0,0,0,1,,,,,10.269623835993116,,,,,,,,,,,,,,,,,,,,,,,,,,,,,,,,,,10.260773444999359,10.269623835993116,11.241915291000623,11.241915291000623,11.241915291000623,11.271922544998233,11.342306869992171,12.24328081800195,13.247072329002549,13.234153611003421,None,13.240984844000195,13.247072329002549,14.247510343993781,14.236075701002846,,,,,,,,,,,,,,,,,,,,,,,,,,,,,,,,,,,,,,,,,,,,,,,832588,001,2024-11-16_17h36.44.807,untitled,2024.2.3,None,2024-11-16 17h36.55.607334 +0530,
square.png,other,0,1,1,0,None,,,,,,,,,0,1,1,2,,,,,14.247510343993781,,,,,,,,,,,,,,,,,,,,,,,,,,,,,,,,,,14.238201558997389,14.247510343993781,15.241717972996412,15.241717972996412,15.241717972996412,15.257367411002633,15.343624934990657,16.251145176996943,17.24856162899232,17.240411161998054,None,17.240488925002865,17.24856162899232,,18.24495433899574,,,,,,,,,,,,,,,,,,,,,,,,,,,,,,,,,,,,,,,,,,,,,,,832588,001,2024-11-16_17h36.44.807,untitled,2024.2.3,None,2024-11-16 17h36.55.607334 +0530,
triangle.png,self,0,2,2,0,m,0.48806868799147196,0.165576803003205,,,,,,,0,2,2,3,,,,,18.257422757000313,,,,,,,,,,,,,,,,,,,,,,,,,,,,,,,,,,18.251962761001778,18.257422757000313,19.238545537999016,19.238545537999016,19.238545537999016,19.267005802990752,19.337399809999624,20.250972334004473,21.24677364299714,21.235437320996425,m,21.241185513004893,21.24677364299714,,22.255479269995703,0.48806868799147196,0.165576803003205,,,,,,,,,,,,,,,,,,,,,,,,,,,,,,,,,,,,,,,,,,,,,832588,001,2024-11-16_17h36.44.807,untitled,2024.2.3,None,2024-11-16 17h36.55.607334 +0530,
square.png,self,1,3,3,0,m,0.6946778620040277,0.14476445299806073,,,,,,,0,3,3,0,,,,,22.26850083199679,,,,,,,,,,,,,,,,,,,,,,,,,,,,,,,,,,22.257662962001632,22.26850083199679,23.251103034999687,23.251103034999687,23.251103034999687,23.268391420002445,23.352745591997518,24.248627781998948,,25.246031414004392,m,25.251805018997402,25.257225950001157,,26.24647862499114,0.6946778620040277,0.14476445299806073,,,,,,,,,,,,,,,,,,,,,,,,,,,,,,,,,,,,,,,,,,,,,832588,001,2024-11-16_17h36.44.807,untitled,2024.2.3,None,2024-11-16 17h36.55.607334 +0530,
,,,,,,,,,,,,,,,,,,,,,,,,,,,,,,,,,,,,,,,,,,,,,,,,,,,,,,,,,,,,,,,,,,,,,,,,,,26.246621539990883,26.24722910899436,,,,,,,,,,,,,,,,,,,,,,,,,,,,,,,,,,,,,,,,,,,832588,001,2024-11-16_17h36.44.807,untitled,2024.2.3,None,2024-11-16 17h36.55.607334 +0530,
,,,,,,,,,,,,,,,,,,,,,,,,,,,,,,,,,,,,,,,,,,,,,,,,,,,,,,,,,,,,,,,,,,,,,,,,,,,,26.247292421991006,26.258062501001405,26.258062501001405,35.15780857000209,space,8.893313513006433,None,,,,,,,,,,,,,,,,,,,,,,,,,,,,,,,,,,,,832588,001,2024-11-16_17h36.44.807,untitled,2024.2.3,None,2024-11-16 17h36.55.607334 +0530,
,,,,,,,,,,,,,,,,,,,,,,,,,,,,,,,,,,,,,,,,,,,,,,,,,,,,,,,,,,,,,,,,,,,,,,,,,,,,,,,,,,,35.157892856994295,35.175737911995384,35.175737911995384,35.175737911995384,35.175737911995384,35.175737911995384,35.175737911995384,37.316585405991646,space,2.1278567379922606,None,,,,,,,,,,,,,,,,,,,,,,,,,832588,001,2024-11-16_17h36.44.807,untitled,2024.2.3,None,2024-11-16 17h36.55.607334 +0530,
,,,,,,,,,,,,,,,,,,,,,,,,,,,,,,,,,,,,,,,,,,,,,,,,,,,,,,,,,,,,,,,,,,,,,,,,,,,,,,,,,,,,,,,,,,,,,,37.316722474002745,37.32916215599107,37.32916215599107,40.965764526001294,space,3.6235799249989213,None,,,,,,,,,,,,,,,,,,832588,001,2024-11-16_17h36.44.807,untitled,2024.2.3,None,2024-11-16 17h36.55.607334 +0530,
,,,0,0,0,,,,square.png,desirable self,1,m,0.7350989109982038,0.16444530300213955,,,,,0,0,0,0,40.99387273899629,,,,,,,,,,,,,,,,,,,,,,,,,,,,,,,,,,,,,,,,,,,,,,,,,,,,,,,,,,,,,,,,,,,,,,,,,,,,,,40.98542629300209,40.99387273899629,41.96942386600131,41.96942386600131,41.96942386600131,41.99822711199522,42.07405625699903,42.97632877099386,43.97642140799144,43.96240570799273,m,0.7350989109982038,0.16444530300213955,43.96525376300269,43.97642140799144,44.966789422993315,,832588,001,2024-11-16_17h36.44.807,untitled,2024.2.3,None,2024-11-16 17h36.55.607334 +0530,
,,,1,1,0,,,,triangle.png,disgusting self,1,None,,,,,,,0,1,1,1,44.980025696000666,,,,,,,,,,,,,,,,,,,,,,,,,,,,,,,,,,,,,,,,,,,,,,,,,,,,,,,,,,,,,,,,,,,,,,,,,,,,,,44.974587165997946,44.980025696000666,45.97598025700427,45.97598025700427,45.97598025700427,45.99034904499422,46.07752885000082,46.978940514993155,,47.96607937000226,None,,,47.966245167001034,47.975893804992666,48.96661049599061,,832588,001,2024-11-16_17h36.44.807,untitled,2024.2.3,None,2024-11-16 17h36.55.607334 +0530,
,,,2,2,0,,,,triangle.png,desirable self,0,None,,,,,,,0,2,2,3,48.98081002499384,,,,,,,,,,,,,,,,,,,,,,,,,,,,,,,,,,,,,,,,,,,,,,,,,,,,,,,,,,,,,,,,,,,,,,,,,,,,,,48.972108087997185,48.98081002499384,49.98400306799158,49.98400306799158,49.98400306799158,50.0012997140002,50.08758686800138,50.99153043499973,,51.98840143499547,None,,,51.98852055000316,52.00139464800304,52.96977354599221,,832588,001,2024-11-16_17h36.44.807,untitled,2024.2.3,None,2024-11-16 17h36.55.607334 +0530,
,,,3,3,0,,,,square.png,disgusting self,0,m,0.6718291030119872,0.151998998990166,,,,,0,3,3,2,52.98523436600226,,,,,,,,,,,,,,,,,,,,,,,,,,,,,,,,,,,,,,,,,,,,,,,,,,,,,,,,,,,,,,,,,,,,,,,,,,,,,,52.97507758499705,52.98523436600226,53.97011655999813,53.97011655999813,53.97011655999813,53.985341211999184,54.07095672399737,54.971786957990844,,55.97303989599459,m,0.6718291030119872,0.151998998990166,55.976744047002285,55.986213297990616,56.969963515992276,,832588,001,2024-11-16_17h36.44.807,untitled,2024.2.3,None,2024-11-16 17h36.55.607334 +0530,
,,,4,0,1,,,,square.png,desirable self,1,None,,,,,,,1,0,4,0,56.98588723599096,,,,,,,,,,,,,,,,,,,,,,,,,,,,,,,,,,,,,,,,,,,,,,,,,,,,,,,,,,,,,,,,,,,,,,,,,,,,,,56.97526524499699,56.98588723599096,57.96319691000099,57.96319691000099,57.96319691000099,57.992798495004536,58.06483414399554,58.98383886899683,,59.97226438499638,None,,,59.97236330299347,59.98465001299337,60.97271667799214,,832588,001,2024-11-16_17h36.44.807,untitled,2024.2.3,None,2024-11-16 17h36.55.607334 +0530,
,,,5,1,1,,,,triangle.png,desirable self,0,m,0.343529009987833,0.18375535801169463,,,,,1,1,5,3,60.98568254399288,,,,,,,,,,,,,,,,,,,,,,,,,,,,,,,,,,,,,,,,,,,,,,,,,,,,,,,,,,,,,,,,,,,,,,,,,,,,,,60.975282211002195,60.98568254399288,61.97327428299468,61.97327428299468,61.97327428299468,61.98631967199617,62.068385762991966,62.97274493800069,,63.97170133599138,m,0.343529009987833,0.18375535801169463,63.97182376499404,63.979155830995296,64.96533834699949,64.9798816429975,832588,001,2024-11-16_17h36.44.807,untitled,2024.2.3,None,2024-11-16 17h36.55.607334 +0530,
,,,6,2,1,,,,triangle.png,disgusting self,1,None,,,,,,,1,2,6,1,64.9798816429975,,,,,,,,,,,,,,,,,,,,,,,,,,,,,,,,,,,,,,,,,,,,,,,,,,,,,,,,,,,,,,,,,,,,,,,,,,,,,,64.9704052159941,64.9798816429975,65.9645379059948,65.9645379059948,65.9645379059948,65.97921794500144,66.06448805399123,66.96783573499124,67.96664305799641,67.95812505300273,None,,,67.95821349199105,67.96664305799641,68.96399110599305,68.97608764399774,832588,001,2024-11-16_17h36.44.807,untitled,2024.2.3,None,2024-11-16 17h36.55.607334 +0530,
,,,7,3,1,,,,square.png,disgusting self,0,m,0.2535092850012006,0.16303050800343044,,,,,1,3,7,2,68.97608764399774,,,,,,,,,,,,,,,,,,,,,,,,,,,,,,,,,,,,,,,,,,,,,,,,,,,,,,,,,,,,,,,,,,,,,,,,,,,,,,68.96664510200208,68.97608764399774,69.96919090699521,69.96919090699521,69.96919090699521,69.98447526300151,70.07060832600109,70.97785899299197,71.96522776299389,71.95691952999914,m,0.2535092850012006,0.16303050800343044,71.95702437899308,71.96522776299389,72.96442743299122,72.98081001199898,832588,001,2024-11-16_17h36.44.807,untitled,2024.2.3,None,2024-11-16 17h36.55.607334 +0530,
,,,8,0,2,,,,triangle.png,desirable self,0,,,,,,,,2,0,8,3,72.98081001199898,,,,,,,,,,,,,,,,,,,,,,,,,,,,,,,,,,,,,,,,,,,,,,,,,,,,,,,,,,,,,,,,,,,,,,,,,,,,,,72.9711770540016,72.98081001199898,,,,,,,,,,,,,,,,,,,,,,,
