﻿stimulus,label,is_match,thisN,thisTrialN,thisRepN,key_resp.keys,key_resp.rt,key_resp.duration,stimulus_2,label_2,is_match_2,key_resp_6.keys,key_resp_6.rt,key_resp_6.duration,trials.thisRepN,trials.thisTrialN,trials.thisN,trials.thisIndex,trials_2.thisRepN,trials_2.thisTrialN,trials_2.thisN,trials_2.thisIndex,thisRow.t,notes,Intruduction.started,text_3.started,key_resp_2.started,Intruduction.stopped,key_resp_2.keys,key_resp_2.rt,key_resp_2.duration,self_other_instructions.started,text_4.started,key_resp_3.started,self_other_instructions.stopped,key_resp_3.keys,key_resp_3.rt,key_resp_3.duration,self_other_info.started,square_image.started,triangle_image.started,self_label.started,other_label.started,key_resp_4.started,text_5.started,self_other_info.stopped,key_resp_4.keys,key_resp_4.rt,key_resp_4.duration,self_other_starting_2.started,text_6.started,key_resp_5.started,self_other_starting_2.stopped,key_resp_5.keys,key_resp_5.rt,key_resp_5.duration,trial.started,fixation.started,text.started,key_resp.started,image.started,fixation.stopped,image.stopped,text.stopped,key_resp.stopped,trial.stopped,trials.key_resp.keys,trials.key_resp.rt,trials.key_resp.duration,feedback.started,text_2.started,feedback.stopped,break_3.started,break_3.stopped,self_other_instructions_2.started,text_10.started,key_resp_7.started,self_other_instructions_2.stopped,key_resp_7.keys,key_resp_7.rt,key_resp_7.duration,self_other_intro_2.started,square_image_2.started,triangle_image_2.started,Disgusting_self_lable.started,Desirable_self_lable.started,key_resp_8.started,text_11.started,self_other_intro_2.stopped,key_resp_8.keys,key_resp_8.rt,key_resp_8.duration,self_other_starting_3.started,text_12.started,key_resp_9.started,self_other_starting_3.stopped,key_resp_9.keys,key_resp_9.rt,key_resp_9.duration,trial_2.started,fixation_2.started,text_8.started,key_resp_6.started,image_2.started,fixation_2.stopped,image_2.stopped,text_8.stopped,key_resp_6.stopped,trial_2.stopped,trials_2.key_resp_6.keys,trials_2.key_resp_6.rt,trials_2.key_resp_6.duration,feedback_2.started,text_9.started,feedback_2.stopped,participant,session,date,expName,psychopyVersion,frameRate,expStart,
,,,,,,,,,,,,,,,,,,,,,,,,,0.03055896400474012,0.058423480004421435,0.058423480004421435,2.2060922630043933,space,2.124369591998402,None,,,,,,,,,,,,,,,,,,,,,,,,,,,,,,,,,,,,,,,,,,,,,,,,,,,,,,,,,,,,,,,,,,,,,,,,,,,,,,,,,,,,,905515,001,2024-11-16_17h11.37.484,untitled,2024.2.3,None,2024-11-16 17h11.47.098273 +0530,
,,,,,,,,,,,,,,,,,,,,,,,,,,,,,,,,2.2061598760046763,2.231917301003705,2.231917301003705,98.31319148100738,space,96.07717386400327,None,,,,,,,,,,,,,,,,,,,,,,,,,,,,,,,,,,,,,,,,,,,,,,,,,,,,,,,,,,,,,,,,,,,,,,,,,,,,,,905515,001,2024-11-16_17h11.37.484,untitled,2024.2.3,None,2024-11-16 17h11.47.098273 +0530,
,,,,,,,,,,,,,,,,,,,,,,,,,,,,,,,,,,,,,,,98.31326007499592,98.34354086400708,98.34354086400708,98.34354086400708,98.34354086400708,98.34354086400708,98.34354086400708,135.79355678700085,space,37.44608588299889,None,,,,,,,,,,,,,,,,,,,,,,,,,,,,,,,,,,,,,,,,,,,,,,,,,,,,,,,,,,,,,,,,,,,905515,001,2024-11-16_17h11.37.484,untitled,2024.2.3,None,2024-11-16 17h11.47.098273 +0530,
,,,,,,,,,,,,,,,,,,,,,,,,,,,,,,,,,,,,,,,,,,,,,,,,,,135.7936242660071,135.8068480570073,135.8068480570073,138.08358830300858,space,2.266421859996626,None,,,,,,,,,,,,,,,,,,,,,,,,,,,,,,,,,,,,,,,,,,,,,,,,,,,,,,,,,,,,905515,001,2024-11-16_17h11.37.484,untitled,2024.2.3,None,2024-11-16 17h11.47.098273 +0530,
triangle.png,other,1,0,0,0,z,1.3300661660032347,0.13546441399375908,,,,,,,0,0,0,1,,,,,138.11408736700832,,,,,,,,,,,,,,,,,,,,,,,,,,,,,,,,,,138.1057998979959,138.11408736700832,139.09331257700978,139.09331257700978,139.09331257700978,139.12310407099721,139.1931077879999,140.09484033699846,141.09696398599772,141.08398895499704,z,1.3300661660032347,0.13546441399375908,141.09128254200914,141.09696398599772,142.09227477900276,,,,,,,,,,,,,,,,,,,,,,,,,,,,,,,,,,,,,,,,,,,,905515,001,2024-11-16_17h11.37.484,untitled,2024.2.3,None,2024-11-16 17h11.47.098273 +0530,
square.png,self,1,1,1,0,m,0.21904553000058513,0.17268594999040943,,,,,,,0,1,1,0,,,,,142.10654031400918,,,,,,,,,,,,,,,,,,,,,,,,,,,,,,,,,,142.09992327900545,142.10654031400918,143.09773499600124,143.09773499600124,143.09773499600124,143.12295200600056,143.19887540199852,144.10546937900654,,145.0960531120072,m,0.21904553000058513,0.17268594999040943,145.10077715800435,145.1069796380034,146.0916439020075,,,,,,,,,,,,,,,,,,,,,,,,,,,,,,,,,,,,,,,,,,,,905515,001,2024-11-16_17h11.37.484,untitled,2024.2.3,None,2024-11-16 17h11.47.098273 +0530,
triangle.png,self,0,2,2,0,m,0.31585431400162634,0.24724227699334733,,,,,,,0,2,2,3,,,,,146.1031770240079,,,,,,,,,,,,,,,,,,,,,,,,,,,,,,,,,,146.09390738600632,146.1031770240079,147.09541741199791,147.09541741199791,147.09541741199791,147.1118723719992,147.19611103800707,148.10378176200902,,149.09164346200123,m,0.31585431400162634,0.24724227699334733,149.0947129700071,149.10355768199952,150.0844145160081,,,,,,,,,,,,,,,,,,,,,,,,,,,,,,,,,,,,,,,,,,,,905515,001,2024-11-16_17h11.37.484,untitled,2024.2.3,None,2024-11-16 17h11.47.098273 +0530,
square.png,other,0,3,3,0,z,0.8549338159937179,0.1614064769964898,,,,,,,0,3,3,2,,,,,150.09884653599875,,,,,,,,,,,,,,,,,,,,,,,,,,,,,,,,,,150.0893780900078,150.09884653599875,151.0817984460009,151.0817984460009,151.0817984460009,151.0964448940067,151.18233556199993,152.09193882200634,153.09289046400227,153.08123744800105,z,0.8549338159937179,0.1614064769964898,153.08396119500685,153.09289046400227,154.08660364600655,,,,,,,,,,,,,,,,,,,,,,,,,,,,,,,,,,,,,,,,,,,,905515,001,2024-11-16_17h11.37.484,untitled,2024.2.3,None,2024-11-16 17h11.47.098273 +0530,
,,,,,,,,,,,,,,,,,,,,,,,,,,,,,,,,,,,,,,,,,,,,,,,,,,,,,,,,,,,,,,,,,,,,,,,,,154.08681849700224,154.0873033520038,,,,,,,,,,,,,,,,,,,,,,,,,,,,,,,,,,,,,,,,,,905515,001,2024-11-16_17h11.37.484,untitled,2024.2.3,None,2024-11-16 17h11.47.098273 +0530,
,,,,,,,,,,,,,,,,,,,,,,,,,,,,,,,,,,,,,,,,,,,,,,,,,,,,,,,,,,,,,,,,,,,,,,,,,,,154.08735399600118,154.0978891130071,154.0978891130071,160.85468922300788,space,6.741100968996761,None,,,,,,,,,,,,,,,,,,,,,,,,,,,,,,,,,,,905515,001,2024-11-16_17h11.37.484,untitled,2024.2.3,None,2024-11-16 17h11.47.098273 +0530,
,,,,,,,,,,,,,,,,,,,,,,,,,,,,,,,,,,,,,,,,,,,,,,,,,,,,,,,,,,,,,,,,,,,,,,,,,,,,,,,,,,160.85479659799603,160.87313940300373,160.87313940300373,160.87313940300373,160.87313940300373,160.87313940300373,160.87313940300373,162.45152773000882,space,1.5711573419976048,None,,,,,,,,,,,,,,,,,,,,,,,,905515,001,2024-11-16_17h11.37.484,untitled,2024.2.3,None,2024-11-16 17h11.47.098273 +0530,
,,,,,,,,,,,,,,,,,,,,,,,,,,,,,,,,,,,,,,,,,,,,,,,,,,,,,,,,,,,,,,,,,,,,,,,,,,,,,,,,,,,,,,,,,,,,,162.45161109200853,162.4631089339964,162.4631089339964,165.05134635600552,space,2.57762245000049,None,,,,,,,,,,,,,,,,,905515,001,2024-11-16_17h11.37.484,untitled,2024.2.3,None,2024-11-16 17h11.47.098273 +0530,
,,,0,0,0,,,,triangle.png,disgusting self,1,z,0.6689930010034004,0.12390908499946818,,,,,0,0,0,1,165.0772727279982,,,,,,,,,,,,,,,,,,,,,,,,,,,,,,,,,,,,,,,,,,,,,,,,,,,,,,,,,,,,,,,,,,,,,,,,,,,,,165.06950470800803,165.0772727279982,166.05667553500098,166.05667553500098,166.05667553500098,166.08369460100948,166.1565682710061,167.0590149960044,168.06729528900178,168.0521821000002,z,0.6689930010034004,0.12390908499946818,168.05761009700655,168.06729528900178,169.0526496960083,905515,001,2024-11-16_17h11.37.484,untitled,2024.2.3,None,2024-11-16 17h11.47.098273 +0530,
,,,1,1,0,,,,triangle.png,desirable self,0,z,0.3204875660012476,0.18077369399543386,,,,,0,1,1,3,169.16351620999922,,,,,,,,,,,,,,,,,,,,,,,,,,,,,,,,,,,,,,,,,,,,,,,,,,,,,,,,,,,,,,,,,,,,,,,,,,,,,169.15803528499964,169.16351620999922,170.05948191300558,170.05948191300558,170.05948191300558,170.1741372670076,170.15969960599614,171.05656342000293,,172.05555892401026,z,0.3204875660012476,0.18077369399543386,172.05566661299963,172.06409341799736,173.05175439199957,905515,001,2024-11-16_17h11.37.484,untitled,2024.2.3,None,2024-11-16 17h11.47.098273 +0530,
,,,2,2,0,,,,square.png,disgusting self,0,m,0.38879288198950235,0.2325833320064703,,,,,0,2,2,2,173.06695458700415,,,,,,,,,,,,,,,,,,,,,,,,,,,,,,,,,,,,,,,,,,,,,,,,,,,,,,,,,,,,,,,,,,,,,,,,,,,,,173.05768025999714,173.06695458700415,174.05825261700375,174.05825261700375,174.05825261700375,174.0731142010045,174.15922678500647,175.06636932000401,176.05683798799873,176.0477245420043,m,0.38879288198950235,0.2325833320064703,176.04783192300238,176.05683798799873,177.06025676900754,905515,001,2024-11-16_17h11.37.484,untitled,2024.2.3,None,2024-11-16 17h11.47.098273 +0530,
,,,3,3,0,,,,square.png,desirable self,1,None,,,,,,,0,3,3,0,177.07600755500607,,,,,,,,,,,,,,,,,,,,,,,,,,,,,,,,,,,,,,,,,,,,,,,,,,,,,,,,,,,,,,,,,,,,,,,,,,,,,177.06589592600358,177.07600755500607,178.0596522679989,178.0596522679989,178.0596522679989,178.07438818900846,178.17237810700317,179.0669190519984,,180.0556061850075,None,,,180.0556942950061,180.06388478400186,181.05450333900808,905515,001,2024-11-16_17h11.37.484,untitled,2024.2.3,None,2024-11-16 17h11.47.098273 +0530,
,,,4,0,1,,,,triangle.png,disgusting self,1,,,,,,,,1,0,4,1,181.06960412600893,,,,,,,,,,,,,,,,,,,,,,,,,,,,,,,,,,,,,,,,,,,,,,,,,,,,,,,,,,,,,,,,,,,,,,,,,,,,,181.06026544999622,181.06960412600893,182.0731309440016,182.0731309440016,182.0731309440016,182.0731309440016,182.17594278299657,,,,,,,,,,,,,,,,,
